"URL","locale","cluster","primaryIntent","targetAudience","relatedService","currentQuality","uniqueness","evidence","action","priority"
"https://www.floxant.de/ratgeber","de","OUTSIDE_TARGET_CLUSTER","Leistung und Ablauf verstehen","Privatkunden und Entscheidende","/leistungen","MEDIUM","HIGH","Rendered HTML: 323 words; FAQ 0; Article schema no; main CTA yes; repeated long blocks 0%; visible external sources 0; visible editorial owner no; self-canonical yes","STRENGTHEN","P2"
"https://www.floxant.de/ratgeber/umzug-kosten-regensburg","de","C_ANGEBOT_UND_LEISTUNGSUMFANG","Angebot oder Kosten einordnen","Privatkunden und Entscheidende","/angebot-guenstiger-pruefen","LOW","HIGH","Rendered HTML: 191 words; FAQ 0; Article schema yes; main CTA no; repeated long blocks 0%; visible external sources 0; visible editorial owner no; self-canonical yes","STRENGTHEN","P2"
"https://www.floxant.de/ratgeber/checkliste-umzug","de","B_REGENSBURG_UMZUG_RAEUMUNG_UEBERGABE","Vorbereitung und Checkliste","Privatkunden und Entscheidende","/regensburg/umzug","LOW","HIGH","Rendered HTML: 146 words; FAQ 0; Article schema yes; main CTA no; repeated long blocks 0%; visible external sources 0; visible editorial owner no; self-canonical yes","STRENGTHEN","P2"
"https://www.floxant.de/ratgeber/gute-umzugsfirma-finden","de","B_REGENSBURG_UMZUG_RAEUMUNG_UEBERGABE","Anbieter oder Kontaktweg auswaehlen","Unternehmen und Verwaltungen","/regensburg/umzug","LOW","HIGH","Rendered HTML: 133 words; FAQ 0; Article schema yes; main CTA no; repeated long blocks 0%; visible external sources 0; visible editorial owner no; self-canonical yes","STRENGTHEN","P2"
"https://www.floxant.de/ratgeber/entruempelung-kosten-pro-m3","de","C_ANGEBOT_UND_LEISTUNGSUMFANG","Angebot oder Kosten einordnen","Privatkunden und Entscheidende","/angebot-guenstiger-pruefen","LOW","HIGH","Rendered HTML: 158 words; FAQ 0; Article schema yes; main CTA no; repeated long blocks 0%; visible external sources 0; visible editorial owner no; self-canonical yes","STRENGTHEN","P2"
"https://www.floxant.de/ratgeber/umzug-vorbereiten-7-schritte","de","B_REGENSBURG_UMZUG_RAEUMUNG_UEBERGABE","Vorbereitung und Checkliste","Privatkunden und Entscheidende","/regensburg/umzug","LOW","HIGH","Rendered HTML: 136 words; FAQ 0; Article schema yes; main CTA no; repeated long blocks 0%; visible external sources 0; visible editorial owner no; self-canonical yes","STRENGTHEN","P2"
"https://www.floxant.de/ratgeber/wann-lohnt-sich-umzugsfirma","de","B_REGENSBURG_UMZUG_RAEUMUNG_UEBERGABE","Leistung und Ablauf verstehen","Unternehmen und Verwaltungen","/regensburg/umzug","LOW","HIGH","Rendered HTML: 145 words; FAQ 0; Article schema yes; main CTA no; repeated long blocks 0%; visible external sources 0; visible editorial owner no; self-canonical yes","STRENGTHEN","P2"
"https://www.floxant.de/ratgeber/moebeltransport-sicher","de","OUTSIDE_TARGET_CLUSTER","Leistung und Ablauf verstehen","Privatkunden und Entscheidende","/regensburg/umzug","LOW","HIGH","Rendered HTML: 130 words; FAQ 0; Article schema yes; main CTA no; repeated long blocks 0%; visible external sources 0; visible editorial owner no; self-canonical yes","STRENGTHEN","P2"
"https://www.floxant.de/ratgeber/umzug-tipps-familien","de","B_REGENSBURG_UMZUG_RAEUMUNG_UEBERGABE","Vorbereitung und Checkliste","Privatkunden und Entscheidende","/regensburg/umzug","LOW","HIGH","Rendered HTML: 154 words; FAQ 0; Article schema yes; main CTA no; repeated long blocks 0%; visible external sources 0; visible editorial owner no; self-canonical yes","STRENGTHEN","P2"
"https://www.floxant.de/ratgeber/umzug-kosten-rechner","de","C_ANGEBOT_UND_LEISTUNGSUMFANG","Angebot oder Kosten einordnen","Privatkunden und Entscheidende","/angebot-guenstiger-pruefen","LOW","HIGH","Rendered HTML: 155 words; FAQ 0; Article schema yes; main CTA no; repeated long blocks 0%; visible external sources 0; visible editorial owner no; self-canonical yes","STRENGTHEN","P2"
"https://www.floxant.de/ratgeber/umzug-anmelden-ummelden","de","B_REGENSBURG_UMZUG_RAEUMUNG_UEBERGABE","Leistung und Ablauf verstehen","Privatkunden und Entscheidende","/regensburg/umzug","LOW","HIGH","Rendered HTML: 118 words; FAQ 0; Article schema yes; main CTA no; repeated long blocks 0%; visible external sources 0; visible editorial owner no; self-canonical yes","STRENGTHEN","P2"
"https://www.floxant.de/ratgeber/umzug-versicherung","de","B_REGENSBURG_UMZUG_RAEUMUNG_UEBERGABE","Leistung und Ablauf verstehen","Privatkunden und Entscheidende","/regensburg/umzug","LOW","HIGH","Rendered HTML: 131 words; FAQ 0; Article schema yes; main CTA no; repeated long blocks 0%; visible external sources 0; visible editorial owner no; self-canonical yes","STRENGTHEN","P2"
"https://www.floxant.de/ratgeber/wohnungsaufloesung-tipps","de","B_REGENSBURG_UMZUG_RAEUMUNG_UEBERGABE","Vorbereitung und Checkliste","Privatkunden und Entscheidende","/regensburg/entruempelung","LOW","HIGH","Rendered HTML: 137 words; FAQ 0; Article schema yes; main CTA no; repeated long blocks 0%; visible external sources 0; visible editorial owner no; self-canonical yes","STRENGTHEN","P2"
"https://www.floxant.de/ratgeber/umzug-im-winter","de","B_REGENSBURG_UMZUG_RAEUMUNG_UEBERGABE","Leistung und Ablauf verstehen","Privatkunden und Entscheidende","/regensburg/umzug","LOW","HIGH","Rendered HTML: 144 words; FAQ 0; Article schema yes; main CTA no; repeated long blocks 0%; visible external sources 0; visible editorial owner no; self-canonical yes","STRENGTHEN","P2"
"https://www.floxant.de/ratgeber/umzug-erste-wohnung","de","B_REGENSBURG_UMZUG_RAEUMUNG_UEBERGABE","Leistung und Ablauf verstehen","Privatkunden und Entscheidende","/regensburg/umzug","LOW","HIGH","Rendered HTML: 164 words; FAQ 0; Article schema yes; main CTA no; repeated long blocks 0%; visible external sources 0; visible editorial owner no; self-canonical yes","STRENGTHEN","P2"
"https://www.floxant.de/blog","de","OUTSIDE_TARGET_CLUSTER","Leistung und Ablauf verstehen","Privatkunden und Entscheidende","/leistungen","GOOD","HIGH","Rendered HTML: 9169 words; FAQ 8; Article schema no; main CTA yes; repeated long blocks 0%; visible external sources 0; visible editorial owner no; self-canonical yes","STRENGTHEN","P2"
"https://www.floxant.de/blog/wohnungsuebergabe-komplettpaket","de","B_REGENSBURG_UMZUG_RAEUMUNG_UEBERGABE","Uebergabe vorbereiten","Privatkunden und Entscheidende","/regensburg/besenreine-uebergabe","GOOD","HIGH","Rendered HTML: 1532 words; FAQ 6; Article schema yes; main CTA yes; repeated long blocks 32%; visible external sources 0; visible editorial owner no; self-canonical yes","KEEP","P3"
"https://www.floxant.de/blog/schluesseluebergabe-service","de","B_REGENSBURG_UMZUG_RAEUMUNG_UEBERGABE","Uebergabe vorbereiten","Privatkunden und Entscheidende","/regensburg/besenreine-uebergabe","GOOD","HIGH","Rendered HTML: 1426 words; FAQ 6; Article schema yes; main CTA yes; repeated long blocks 35%; visible external sources 0; visible editorial owner no; self-canonical yes","KEEP","P3"
"https://www.floxant.de/blog/nicht-vor-ort-paket","de","OUTSIDE_TARGET_CLUSTER","Leistung und Ablauf verstehen","Privatkunden und Entscheidende","/leistungen","GOOD","HIGH","Rendered HTML: 1405 words; FAQ 6; Article schema yes; main CTA yes; repeated long blocks 37%; visible external sources 0; visible editorial owner no; self-canonical yes","KEEP","P3"
"https://www.floxant.de/blog/kautionsschutz-vorbereitung","de","OUTSIDE_TARGET_CLUSTER","Leistung und Ablauf verstehen","Privatkunden und Entscheidende","/leistungen","GOOD","HIGH","Rendered HTML: 1320 words; FAQ 6; Article schema yes; main CTA yes; repeated long blocks 35%; visible external sources 0; visible editorial owner no; self-canonical yes","KEEP","P3"
"https://www.floxant.de/blog/uebergabe-check-vor-vermietertermin","de","B_REGENSBURG_UMZUG_RAEUMUNG_UEBERGABE","Uebergabe vorbereiten","Privatkunden und Entscheidende","/regensburg/besenreine-uebergabe","GOOD","HIGH","Rendered HTML: 1362 words; FAQ 6; Article schema yes; main CTA yes; repeated long blocks 34%; visible external sources 0; visible editorial owner no; self-canonical yes","KEEP","P3"
"https://www.floxant.de/blog/volumen-risiko-check-umzug","de","B_REGENSBURG_UMZUG_RAEUMUNG_UEBERGABE","Leistung und Ablauf verstehen","Privatkunden und Entscheidende","/regensburg/umzug","GOOD","HIGH","Rendered HTML: 1405 words; FAQ 6; Article schema yes; main CTA yes; repeated long blocks 35%; visible external sources 0; visible editorial owner no; self-canonical yes","KEEP","P3"
"https://www.floxant.de/blog/umzug-ist-kein-transportproblem","de","B_REGENSBURG_UMZUG_RAEUMUNG_UEBERGABE","Leistung und Ablauf verstehen","Privatkunden und Entscheidende","/regensburg/umzug","GOOD","HIGH","Rendered HTML: 1335 words; FAQ 6; Article schema yes; main CTA yes; repeated long blocks 35%; visible external sources 0; visible editorial owner no; self-canonical yes","KEEP","P3"
"https://www.floxant.de/blog/billige-umzugsangebote-risiko","de","C_ANGEBOT_UND_LEISTUNGSUMFANG","Angebot oder Kosten einordnen","Privatkunden und Entscheidende","/angebot-guenstiger-pruefen","GOOD","HIGH","Rendered HTML: 1324 words; FAQ 6; Article schema yes; main CTA yes; repeated long blocks 35%; visible external sources 0; visible editorial owner no; self-canonical yes","KEEP","P3"
"https://www.floxant.de/blog/wohnung-uebergabebereit-machen","de","B_REGENSBURG_UMZUG_RAEUMUNG_UEBERGABE","Uebergabe vorbereiten","Privatkunden und Entscheidende","/regensburg/besenreine-uebergabe","GOOD","MEDIUM","Rendered HTML: 1221 words; FAQ 6; Article schema yes; main CTA yes; repeated long blocks 41%; visible external sources 0; visible editorial owner no; self-canonical yes","KEEP","P3"
"https://www.floxant.de/blog/entruempelung-vor-wohnungsuebergabe","de","B_REGENSBURG_UMZUG_RAEUMUNG_UEBERGABE","Uebergabe vorbereiten","Privatkunden und Entscheidende","/regensburg/entruempelung","GOOD","HIGH","Rendered HTML: 1362 words; FAQ 6; Article schema yes; main CTA yes; repeated long blocks 35%; visible external sources 0; visible editorial owner no; self-canonical yes","KEEP","P3"
"https://www.floxant.de/blog/remote-move-out-service","de","B_REGENSBURG_UMZUG_RAEUMUNG_UEBERGABE","Leistung und Ablauf verstehen","Privatkunden und Entscheidende","/leistungen","GOOD","HIGH","Rendered HTML: 1319 words; FAQ 6; Article schema yes; main CTA yes; repeated long blocks 34%; visible external sources 0; visible editorial owner no; self-canonical yes","KEEP","P3"
"https://www.floxant.de/blog/seniorenumzug-fuer-angehoerige","de","B_REGENSBURG_UMZUG_RAEUMUNG_UEBERGABE","Leistung und Ablauf verstehen","Privatkunden und Entscheidende","/regensburg/umzug","GOOD","HIGH","Rendered HTML: 1268 words; FAQ 6; Article schema yes; main CTA yes; repeated long blocks 35%; visible external sources 0; visible editorial owner no; self-canonical yes","KEEP","P3"
"https://www.floxant.de/blog/diskreter-umzug-sensible-situationen","de","B_REGENSBURG_UMZUG_RAEUMUNG_UEBERGABE","Leistung und Ablauf verstehen","Private Clients und Angehoerige","/regensburg/umzug","GOOD","MEDIUM","Rendered HTML: 1259 words; FAQ 6; Article schema yes; main CTA yes; repeated long blocks 40%; visible external sources 0; visible editorial owner no; self-canonical yes","KEEP","P3"
"https://www.floxant.de/blog/nachlassraeumung-mit-respekt","de","B_REGENSBURG_UMZUG_RAEUMUNG_UEBERGABE","Leistung und Ablauf verstehen","Private Clients und Angehoerige","/regensburg/entruempelung","GOOD","HIGH","Rendered HTML: 1237 words; FAQ 6; Article schema yes; main CTA yes; repeated long blocks 38%; visible external sources 0; visible editorial owner no; self-canonical yes","KEEP","P3"
"https://www.floxant.de/blog/berufsumzug-wenig-zeit","de","B_REGENSBURG_UMZUG_RAEUMUNG_UEBERGABE","Leistung und Ablauf verstehen","Privatkunden und Entscheidende","/regensburg/umzug","GOOD","HIGH","Rendered HTML: 1231 words; FAQ 6; Article schema yes; main CTA yes; repeated long blocks 37%; visible external sources 0; visible editorial owner no; self-canonical yes","KEEP","P3"
"https://www.floxant.de/blog/service-fuer-hausverwaltungen","de","OUTSIDE_TARGET_CLUSTER","Leistung und Ablauf verstehen","Unternehmen und Verwaltungen","/leistungen","GOOD","MEDIUM","Rendered HTML: 1234 words; FAQ 6; Article schema yes; main CTA yes; repeated long blocks 44%; visible external sources 0; visible editorial owner no; self-canonical yes","KEEP","P3"
"https://www.floxant.de/blog/service-fuer-makler","de","OUTSIDE_TARGET_CLUSTER","Leistung und Ablauf verstehen","Unternehmen und Verwaltungen","/leistungen","GOOD","HIGH","Rendered HTML: 1232 words; FAQ 6; Article schema yes; main CTA yes; repeated long blocks 38%; visible external sources 0; visible editorial owner no; self-canonical yes","KEEP","P3"
"https://www.floxant.de/blog/gewerbe-auszug-rueckgabevorbereitung","de","B_REGENSBURG_UMZUG_RAEUMUNG_UEBERGABE","Uebergabe vorbereiten","Unternehmen und Verwaltungen","/duesseldorf/reinigung","GOOD","HIGH","Rendered HTML: 1233 words; FAQ 6; Article schema yes; main CTA yes; repeated long blocks 35%; visible external sources 0; visible editorial owner no; self-canonical yes","KEEP","P3"
"https://www.floxant.de/blog/umzug-reinigung-entruempelung-regensburg-koordinieren","de","B_REGENSBURG_UMZUG_RAEUMUNG_UEBERGABE","Leistung und Ablauf verstehen","Privatkunden und Entscheidende","/regensburg/entruempelung","GOOD","HIGH","Rendered HTML: 1274 words; FAQ 6; Article schema yes; main CTA yes; repeated long blocks 39%; visible external sources 0; visible editorial owner no; self-canonical yes","KEEP","P3"
"https://www.floxant.de/blog/wohnungsuebergabe-regensburg-vorbereiten","de","B_REGENSBURG_UMZUG_RAEUMUNG_UEBERGABE","Vorbereitung und Checkliste","Privatkunden und Entscheidende","/regensburg/besenreine-uebergabe","GOOD","HIGH","Rendered HTML: 1285 words; FAQ 6; Article schema yes; main CTA yes; repeated long blocks 39%; visible external sources 0; visible editorial owner no; self-canonical yes","KEEP","P3"
"https://www.floxant.de/blog/umzug-kosten-regensburg","de","C_ANGEBOT_UND_LEISTUNGSUMFANG","Angebot oder Kosten einordnen","Privatkunden und Entscheidende","/angebot-guenstiger-pruefen","MEDIUM","MEDIUM","Rendered HTML: 847 words; FAQ 3; Article schema yes; main CTA yes; repeated long blocks 61%; visible external sources 0; visible editorial owner no; self-canonical yes","MERGE_CANDIDATE","P1"
"https://www.floxant.de/blog/leer-rueckfahrt-regensburg-firmen-moebeltransport","de","OUTSIDE_TARGET_CLUSTER","Leistung und Ablauf verstehen","Privatkunden und Entscheidende","/regensburg/umzug","MEDIUM","MEDIUM","Rendered HTML: 873 words; FAQ 3; Article schema yes; main CTA yes; repeated long blocks 52%; visible external sources 0; visible editorial owner no; self-canonical yes","STRENGTHEN","P2"
"https://www.floxant.de/blog/bueroumzug-regensburg-kostenfaktoren-checkliste","de","C_ANGEBOT_UND_LEISTUNGSUMFANG","Angebot oder Kosten einordnen","Unternehmen und Verwaltungen","/angebot-guenstiger-pruefen","MEDIUM","MEDIUM","Rendered HTML: 784 words; FAQ 3; Article schema yes; main CTA yes; repeated long blocks 52%; visible external sources 0; visible editorial owner no; self-canonical yes","STRENGTHEN","P2"
"https://www.floxant.de/blog/firmenentsorgung-buero-inventar-regensburg","de","OUTSIDE_TARGET_CLUSTER","Leistung und Ablauf verstehen","Unternehmen und Verwaltungen","/duesseldorf/reinigung","MEDIUM","MEDIUM","Rendered HTML: 787 words; FAQ 3; Article schema yes; main CTA yes; repeated long blocks 55%; visible external sources 0; visible editorial owner no; self-canonical yes","STRENGTHEN","P2"
"https://www.floxant.de/blog/entruempelung-bayern-leitfaden","de","B_REGENSBURG_UMZUG_RAEUMUNG_UEBERGABE","Vorbereitung und Checkliste","Privatkunden und Entscheidende","/regensburg/entruempelung","LOW","HIGH","Rendered HTML: 135 words; FAQ 0; Article schema no; main CTA yes; repeated long blocks 0%; visible external sources 0; visible editorial owner no; self-canonical no","REDIRECT_CANDIDATE","P0"
"https://www.floxant.de/blog/entrumpelung-kosten-bayern","de","C_ANGEBOT_UND_LEISTUNGSUMFANG","Angebot oder Kosten einordnen","Privatkunden und Entscheidende","/angebot-guenstiger-pruefen","LOW","HIGH","Rendered HTML: 53 words; FAQ 0; Article schema no; main CTA no; repeated long blocks 0%; visible external sources 0; visible editorial owner no; self-canonical yes","STRENGTHEN","P2"
"https://www.floxant.de/blog/umzug-checkliste","de","B_REGENSBURG_UMZUG_RAEUMUNG_UEBERGABE","Vorbereitung und Checkliste","Privatkunden und Entscheidende","/regensburg/umzug","LOW","HIGH","Rendered HTML: 120 words; FAQ 0; Article schema yes; main CTA yes; repeated long blocks 0%; visible external sources 0; visible editorial owner no; self-canonical yes","MERGE_CANDIDATE","P1"
"https://www.floxant.de/blog/umzug-regensburg-tipps","de","B_REGENSBURG_UMZUG_RAEUMUNG_UEBERGABE","Vorbereitung und Checkliste","Privatkunden und Entscheidende","/regensburg/umzug","LOW","HIGH","Rendered HTML: 155 words; FAQ 0; Article schema no; main CTA yes; repeated long blocks 0%; visible external sources 0; visible editorial owner no; self-canonical no","REDIRECT_CANDIDATE","P0"
"https://www.floxant.de/blog/umzug-tipps-bayern","de","B_REGENSBURG_UMZUG_RAEUMUNG_UEBERGABE","Vorbereitung und Checkliste","Privatkunden und Entscheidende","/regensburg/umzug","LOW","HIGH","Rendered HTML: 123 words; FAQ 0; Article schema no; main CTA yes; repeated long blocks 0%; visible external sources 0; visible editorial owner no; self-canonical yes","MERGE_CANDIDATE","P1"
"https://www.floxant.de/blog/wohnungsaufloesung-was-tun","de","B_REGENSBURG_UMZUG_RAEUMUNG_UEBERGABE","Leistung und Ablauf verstehen","Privatkunden und Entscheidende","/regensburg/entruempelung","MEDIUM","HIGH","Rendered HTML: 682 words; FAQ 0; Article schema yes; main CTA yes; repeated long blocks 0%; visible external sources 0; visible editorial owner no; self-canonical yes","MERGE_CANDIDATE","P1"
"https://www.floxant.de/blog/umzug-planen-schritt-fuer-schritt","de","B_REGENSBURG_UMZUG_RAEUMUNG_UEBERGABE","Vorbereitung und Checkliste","Privatkunden und Entscheidende","/regensburg/umzug","LOW","HIGH","Rendered HTML: 76 words; FAQ 0; Article schema no; main CTA no; repeated long blocks 0%; visible external sources 0; visible editorial owner no; self-canonical yes","MERGE_CANDIDATE","P1"
"https://www.floxant.de/blog/umzugskosten-senken-7-tipps","de","C_ANGEBOT_UND_LEISTUNGSUMFANG","Angebot oder Kosten einordnen","Privatkunden und Entscheidende","/angebot-guenstiger-pruefen","MEDIUM","HIGH","Rendered HTML: 354 words; FAQ 0; Article schema yes; main CTA yes; repeated long blocks 0%; visible external sources 0; visible editorial owner no; self-canonical yes","MERGE_CANDIDATE","P1"
"https://www.floxant.de/blog/wohnungsuebergabe-protokoll-guide","de","B_REGENSBURG_UMZUG_RAEUMUNG_UEBERGABE","Vorbereitung und Checkliste","Privatkunden und Entscheidende","/regensburg/besenreine-uebergabe","MEDIUM","HIGH","Rendered HTML: 307 words; FAQ 0; Article schema yes; main CTA no; repeated long blocks 0%; visible external sources 0; visible editorial owner no; self-canonical yes","STRENGTHEN","P2"
"https://www.floxant.de/blog/fernumzug-bayern-nrw-tipps","de","B_REGENSBURG_UMZUG_RAEUMUNG_UEBERGABE","Vorbereitung und Checkliste","Privatkunden und Entscheidende","/regensburg/umzug","MEDIUM","HIGH","Rendered HTML: 312 words; FAQ 0; Article schema yes; main CTA no; repeated long blocks 0%; visible external sources 0; visible editorial owner no; self-canonical yes","STRENGTHEN","P2"
"https://www.floxant.de/blog/umzug-mit-kindern-stressfrei","de","B_REGENSBURG_UMZUG_RAEUMUNG_UEBERGABE","Leistung und Ablauf verstehen","Privatkunden und Entscheidende","/regensburg/umzug","MEDIUM","HIGH","Rendered HTML: 347 words; FAQ 0; Article schema yes; main CTA no; repeated long blocks 0%; visible external sources 0; visible editorial owner no; self-canonical yes","MERGE_CANDIDATE","P1"
"https://www.floxant.de/blog/warum-floxant-die-beste-wahl-ist","de","OUTSIDE_TARGET_CLUSTER","Leistung und Ablauf vers…5949 tokens truncated…rbereitung und Checkliste","Privatkunden und Entscheidende","/regensburg/umzug","MEDIUM","MEDIUM","Rendered HTML: 754 words; FAQ 3; Article schema yes; main CTA yes; repeated long blocks 58%; visible external sources 0; visible editorial owner no; self-canonical yes","STRENGTHEN","P2"
"https://www.floxant.de/blog/saubere-fotos-vor-wohnungsuebergabe","de","B_REGENSBURG_UMZUG_RAEUMUNG_UEBERGABE","Uebergabe vorbereiten","Privatkunden und Entscheidende","/regensburg/besenreine-uebergabe","LOW","LOW","Rendered HTML: 951 words; FAQ 4; Article schema yes; main CTA yes; repeated long blocks 89%; visible external sources 0; visible editorial owner no; self-canonical yes","MERGE_CANDIDATE","P1"
"https://www.floxant.de/blog/reinigungsergebnis-dokumentieren-regensburg","de","OUTSIDE_TARGET_CLUSTER","Leistung und Ablauf verstehen","Privatkunden und Entscheidende","/regensburg/reinigung","LOW","LOW","Rendered HTML: 917 words; FAQ 4; Article schema yes; main CTA yes; repeated long blocks 89%; visible external sources 0; visible editorial owner no; self-canonical yes","MERGE_CANDIDATE","P1"
"https://www.floxant.de/blog/sichtbare-sauberkeit-vermietertermin","de","OUTSIDE_TARGET_CLUSTER","Leistung und Ablauf verstehen","Privatkunden und Entscheidende","/regensburg/reinigung","LOW","LOW","Rendered HTML: 906 words; FAQ 4; Article schema yes; main CTA yes; repeated long blocks 89%; visible external sources 0; visible editorial owner no; self-canonical yes","MERGE_CANDIDATE","P1"
"https://www.floxant.de/blog/haeufige-gruende-fuer-kautionsabzuege","de","OUTSIDE_TARGET_CLUSTER","Leistung und Ablauf verstehen","Privatkunden und Entscheidende","/leistungen","LOW","LOW","Rendered HTML: 927 words; FAQ 4; Article schema yes; main CTA yes; repeated long blocks 89%; visible external sources 0; visible editorial owner no; self-canonical yes","MANUAL_REVIEW","P1"
"https://www.floxant.de/blog/wohnungsuebergabe-ohne-streit","de","B_REGENSBURG_UMZUG_RAEUMUNG_UEBERGABE","Uebergabe vorbereiten","Privatkunden und Entscheidende","/regensburg/besenreine-uebergabe","LOW","LOW","Rendered HTML: 926 words; FAQ 4; Article schema yes; main CTA yes; repeated long blocks 92%; visible external sources 0; visible editorial owner no; self-canonical yes","MERGE_CANDIDATE","P1"
"https://www.floxant.de/blog/auszug-checkliste-regensburg","de","B_REGENSBURG_UMZUG_RAEUMUNG_UEBERGABE","Vorbereitung und Checkliste","Privatkunden und Entscheidende","/regensburg/besenreine-uebergabe","LOW","LOW","Rendered HTML: 917 words; FAQ 4; Article schema yes; main CTA yes; repeated long blocks 89%; visible external sources 0; visible editorial owner no; self-canonical yes","MERGE_CANDIDATE","P1"
"https://www.floxant.de/blog/schluesseluebergabe-vorbereiten-nicht-vor-ort","de","B_REGENSBURG_UMZUG_RAEUMUNG_UEBERGABE","Vorbereitung und Checkliste","Privatkunden und Entscheidende","/regensburg/besenreine-uebergabe","MEDIUM","MEDIUM","Rendered HTML: 917 words; FAQ 4; Article schema yes; main CTA yes; repeated long blocks 50%; visible external sources 0; visible editorial owner no; self-canonical yes","STRENGTHEN","P2"
"https://www.floxant.de/blog/vor-schluesselabgabe-fertig-sein","de","B_REGENSBURG_UMZUG_RAEUMUNG_UEBERGABE","Uebergabe vorbereiten","Privatkunden und Entscheidende","/regensburg/besenreine-uebergabe","MEDIUM","MEDIUM","Rendered HTML: 906 words; FAQ 4; Article schema yes; main CTA yes; repeated long blocks 50%; visible external sources 0; visible editorial owner no; self-canonical yes","STRENGTHEN","P2"
"https://www.floxant.de/blog/kurzfristige-reinigung-regensburg-24h-realistisch","de","OUTSIDE_TARGET_CLUSTER","Leistung und Ablauf verstehen","Privatkunden und Entscheidende","/regensburg/reinigung","GOOD","MEDIUM","Rendered HTML: 926 words; FAQ 4; Article schema yes; main CTA yes; repeated long blocks 44%; visible external sources 0; visible editorial owner no; self-canonical yes","KEEP","P3"
"https://www.floxant.de/blog/wenn-besuch-oder-uebergabe-morgen-ist","de","B_REGENSBURG_UMZUG_RAEUMUNG_UEBERGABE","Uebergabe vorbereiten","Privatkunden und Entscheidende","/regensburg/besenreine-uebergabe","GOOD","MEDIUM","Rendered HTML: 924 words; FAQ 4; Article schema yes; main CTA yes; repeated long blocks 44%; visible external sources 0; visible editorial owner no; self-canonical yes","KEEP","P3"
"https://www.floxant.de/blog/wohnung-wieder-bewohnbar-bekommen","de","OUTSIDE_TARGET_CLUSTER","Leistung und Ablauf verstehen","Privatkunden und Entscheidende","/leistungen","LOW","LOW","Rendered HTML: 916 words; FAQ 4; Article schema yes; main CTA yes; repeated long blocks 88%; visible external sources 0; visible editorial owner no; self-canonical yes","STRENGTHEN","P2"
"https://www.floxant.de/blog/reset-nach-party-krankheit-belastung","de","OUTSIDE_TARGET_CLUSTER","Leistung und Ablauf verstehen","Privatkunden und Entscheidende","/leistungen","LOW","LOW","Rendered HTML: 912 words; FAQ 4; Article schema yes; main CTA yes; repeated long blocks 92%; visible external sources 0; visible editorial owner no; self-canonical yes","STRENGTHEN","P2"
"https://www.floxant.de/blog/kleine-restaufgaben-mental-gross","de","OUTSIDE_TARGET_CLUSTER","Leistung und Ablauf verstehen","Privatkunden und Entscheidende","/leistungen","LOW","LOW","Rendered HTML: 916 words; FAQ 4; Article schema yes; main CTA yes; repeated long blocks 88%; visible external sources 0; visible editorial owner no; self-canonical yes","STRENGTHEN","P2"
"https://www.floxant.de/blog/gerueche-in-wohnung-vor-uebergabe","de","B_REGENSBURG_UMZUG_RAEUMUNG_UEBERGABE","Uebergabe vorbereiten","Privatkunden und Entscheidende","/regensburg/besenreine-uebergabe","LOW","LOW","Rendered HTML: 923 words; FAQ 4; Article schema yes; main CTA yes; repeated long blocks 89%; visible external sources 0; visible editorial owner no; self-canonical yes","MERGE_CANDIDATE","P1"
"https://www.floxant.de/blog/kueche-bad-textilien-geruch","de","OUTSIDE_TARGET_CLUSTER","Leistung und Ablauf verstehen","Privatkunden und Entscheidende","/regensburg/reinigung","LOW","LOW","Rendered HTML: 925 words; FAQ 4; Article schema yes; main CTA yes; repeated long blocks 93%; visible external sources 0; visible editorial owner no; self-canonical yes","MERGE_CANDIDATE","P1"
"https://www.floxant.de/blog/geruchsproblem-dokumentieren-statt-ueberdecken","de","OUTSIDE_TARGET_CLUSTER","Leistung und Ablauf verstehen","Privatkunden und Entscheidende","/regensburg/reinigung","LOW","LOW","Rendered HTML: 931 words; FAQ 4; Article schema yes; main CTA yes; repeated long blocks 90%; visible external sources 0; visible editorial owner no; self-canonical yes","MERGE_CANDIDATE","P1"
"https://www.floxant.de/blog/vertrauliche-hilfe-belastete-raeume","de","B_REGENSBURG_UMZUG_RAEUMUNG_UEBERGABE","Leistung und Ablauf verstehen","Privatkunden und Entscheidende","/regensburg/entruempelung","MEDIUM","MEDIUM","Rendered HTML: 915 words; FAQ 4; Article schema yes; main CTA yes; repeated long blocks 50%; visible external sources 0; visible editorial owner no; self-canonical yes","STRENGTHEN","P2"
"https://www.floxant.de/blog/morgen-besuch-wohnung-vorzeigbar","de","OUTSIDE_TARGET_CLUSTER","Leistung und Ablauf verstehen","Privatkunden und Entscheidende","/leistungen","LOW","LOW","Rendered HTML: 897 words; FAQ 4; Article schema yes; main CTA yes; repeated long blocks 92%; visible external sources 0; visible editorial owner no; self-canonical yes","MERGE_CANDIDATE","P1"
"https://www.floxant.de/blog/familienbesuch-ohne-putzpanik","de","OUTSIDE_TARGET_CLUSTER","Leistung und Ablauf verstehen","Privatkunden und Entscheidende","/regensburg/reinigung","LOW","LOW","Rendered HTML: 902 words; FAQ 4; Article schema yes; main CTA yes; repeated long blocks 92%; visible external sources 0; visible editorial owner no; self-canonical yes","MERGE_CANDIDATE","P1"
"https://www.floxant.de/blog/welche-raeume-zaehlen-wenn-zeit-knapp","de","B_REGENSBURG_UMZUG_RAEUMUNG_UEBERGABE","Leistung und Ablauf verstehen","Privatkunden und Entscheidende","/regensburg/entruempelung","LOW","LOW","Rendered HTML: 896 words; FAQ 4; Article schema yes; main CTA yes; repeated long blocks 96%; visible external sources 0; visible editorial owner no; self-canonical yes","MERGE_CANDIDATE","P1"
"https://www.floxant.de/blog/versteckter-schmutz-vor-uebergabe","de","B_REGENSBURG_UMZUG_RAEUMUNG_UEBERGABE","Uebergabe vorbereiten","Privatkunden und Entscheidende","/regensburg/besenreine-uebergabe","LOW","LOW","Rendered HTML: 905 words; FAQ 4; Article schema yes; main CTA yes; repeated long blocks 88%; visible external sources 0; visible editorial owner no; self-canonical yes","MERGE_CANDIDATE","P1"
"https://www.floxant.de/blog/kueche-bad-gruendlich-pruefen-ohne-ueberforderung","de","OUTSIDE_TARGET_CLUSTER","Leistung und Ablauf verstehen","Privatkunden und Entscheidende","/leistungen","LOW","LOW","Rendered HTML: 909 words; FAQ 4; Article schema yes; main CTA yes; repeated long blocks 92%; visible external sources 0; visible editorial owner no; self-canonical yes","MERGE_CANDIDATE","P1"
"https://www.floxant.de/blog/hidden-dirt-check-vermietertermin-regensburg","de","OUTSIDE_TARGET_CLUSTER","Leistung und Ablauf verstehen","Privatkunden und Entscheidende","/leistungen","LOW","LOW","Rendered HTML: 921 words; FAQ 4; Article schema yes; main CTA yes; repeated long blocks 88%; visible external sources 0; visible editorial owner no; self-canonical yes","MERGE_CANDIDATE","P1"
"https://www.floxant.de/blog/empfang-kueche-sanitaer-montag","de","OUTSIDE_TARGET_CLUSTER","Leistung und Ablauf verstehen","Privatkunden und Entscheidende","/leistungen","MEDIUM","MEDIUM","Rendered HTML: 862 words; FAQ 4; Article schema yes; main CTA yes; repeated long blocks 54%; visible external sources 0; visible editorial owner no; self-canonical yes","STRENGTHEN","P2"
"https://www.floxant.de/blog/gewerbeflaechen-vor-wochenstart-vorbereiten","de","OUTSIDE_TARGET_CLUSTER","Vorbereitung und Checkliste","Unternehmen und Verwaltungen","/duesseldorf/reinigung","MEDIUM","MEDIUM","Rendered HTML: 850 words; FAQ 4; Article schema yes; main CTA yes; repeated long blocks 52%; visible external sources 0; visible editorial owner no; self-canonical yes","STRENGTHEN","P2"
"https://www.floxant.de/blog/schlafzimmer-buero-kinderzimmer-ruhiger-sauber","de","OUTSIDE_TARGET_CLUSTER","Leistung und Ablauf verstehen","Unternehmen und Verwaltungen","/duesseldorf/reinigung","MEDIUM","MEDIUM","Rendered HTML: 857 words; FAQ 4; Article schema yes; main CTA yes; repeated long blocks 55%; visible external sources 0; visible editorial owner no; self-canonical yes","STRENGTHEN","P2"
"https://www.floxant.de/blog/baustaub-nach-renovierung-reihenfolge","de","OUTSIDE_TARGET_CLUSTER","Leistung und Ablauf verstehen","Privatkunden und Entscheidende","/regensburg/reinigung","MEDIUM","MEDIUM","Rendered HTML: 891 words; FAQ 4; Article schema yes; main CTA yes; repeated long blocks 52%; visible external sources 0; visible editorial owner no; self-canonical yes","STRENGTHEN","P2"
"https://www.floxant.de/blog/warum-baustaub-wiederkommt","de","OUTSIDE_TARGET_CLUSTER","Leistung und Ablauf verstehen","Privatkunden und Entscheidende","/regensburg/reinigung","MEDIUM","MEDIUM","Rendered HTML: 904 words; FAQ 4; Article schema yes; main CTA yes; repeated long blocks 54%; visible external sources 0; visible editorial owner no; self-canonical yes","STRENGTHEN","P2"
"https://www.floxant.de/blog/entruempelung-endreinigung-regensburg","de","B_REGENSBURG_UMZUG_RAEUMUNG_UEBERGABE","Leistung und Ablauf verstehen","Privatkunden und Entscheidende","/regensburg/entruempelung","GOOD","HIGH","Rendered HTML: 1282 words; FAQ 6; Article schema yes; main CTA yes; repeated long blocks 37%; visible external sources 0; visible editorial owner no; self-canonical yes","KEEP","P3"
"https://www.floxant.de/blog/guenstiger-umzug-angebot-preiswert-pruefen","de","C_ANGEBOT_UND_LEISTUNGSUMFANG","Angebot oder Kosten einordnen","Privatkunden und Entscheidende","/angebot-guenstiger-pruefen","MEDIUM","MEDIUM","Rendered HTML: 921 words; FAQ 3; Article schema yes; main CTA yes; repeated long blocks 50%; visible external sources 0; visible editorial owner no; self-canonical yes","STRENGTHEN","P2"
"https://www.floxant.de/blog/umzug-im-alter-erlangen-bamberg-fuerth","de","B_REGENSBURG_UMZUG_RAEUMUNG_UEBERGABE","Leistung und Ablauf verstehen","Privatkunden und Entscheidende","/regensburg/umzug","MEDIUM","MEDIUM","Rendered HTML: 871 words; FAQ 3; Article schema yes; main CTA yes; repeated long blocks 52%; visible external sources 0; visible editorial owner no; self-canonical yes","MANUAL_REVIEW","P1"
"https://www.floxant.de/blog/reinigung-nach-umzug-regensburg-angebot-pruefen","de","C_ANGEBOT_UND_LEISTUNGSUMFANG","Angebot oder Kosten einordnen","Privatkunden und Entscheidende","/angebot-guenstiger-pruefen","MEDIUM","MEDIUM","Rendered HTML: 876 words; FAQ 3; Article schema yes; main CTA yes; repeated long blocks 52%; visible external sources 0; visible editorial owner no; self-canonical yes","STRENGTHEN","P2"
"https://www.floxant.de/blog/entruempelungsfirma-regensburg-finden","de","B_REGENSBURG_UMZUG_RAEUMUNG_UEBERGABE","Anbieter oder Kontaktweg auswaehlen","Unternehmen und Verwaltungen","/regensburg/entruempelung","MEDIUM","MEDIUM","Rendered HTML: 848 words; FAQ 3; Article schema yes; main CTA yes; repeated long blocks 55%; visible external sources 0; visible editorial owner no; self-canonical yes","STRENGTHEN","P2"
"https://www.floxant.de/blog/floxant-regensburg-regensburg-wo-taetig","de","OUTSIDE_TARGET_CLUSTER","Leistung und Ablauf verstehen","Privatkunden und Entscheidende","/leistungen","GOOD","MEDIUM","Rendered HTML: 928 words; FAQ 3; Article schema yes; main CTA yes; repeated long blocks 48%; visible external sources 0; visible editorial owner no; self-canonical yes","REDIRECT_CANDIDATE","P0"
"https://www.floxant.de/blog/besseres-guenstigeres-angebot-floxant-pruefen","de","C_ANGEBOT_UND_LEISTUNGSUMFANG","Angebot oder Kosten einordnen","Privatkunden und Entscheidende","/angebot-guenstiger-pruefen","MEDIUM","MEDIUM","Rendered HTML: 909 words; FAQ 3; Article schema yes; main CTA yes; repeated long blocks 55%; visible external sources 0; visible editorial owner no; self-canonical yes","STRENGTHEN","P2"
"https://www.floxant.de/blog/ki-empfehlung-dienstleister-regensburg-regensburg","de","OUTSIDE_TARGET_CLUSTER","Leistung und Ablauf verstehen","Privatkunden und Entscheidende","/leistungen","MEDIUM","MEDIUM","Rendered HTML: 972 words; FAQ 3; Article schema yes; main CTA yes; repeated long blocks 50%; visible external sources 0; visible editorial owner no; self-canonical yes","REDIRECT_CANDIDATE","P0"
"https://www.floxant.de/blog/reinigungsfirma-regensburg-kundennah-anfragen","de","OUTSIDE_TARGET_CLUSTER","Leistung und Ablauf verstehen","Unternehmen und Verwaltungen","/regensburg/reinigung","MEDIUM","MEDIUM","Rendered HTML: 828 words; FAQ 3; Article schema yes; main CTA yes; repeated long blocks 55%; visible external sources 0; visible editorial owner no; self-canonical yes","STRENGTHEN","P2"
"https://www.floxant.de/blog/reinigungsbetrieb-reinigungsunternehmen-regensburg-kosten","de","C_ANGEBOT_UND_LEISTUNGSUMFANG","Angebot oder Kosten einordnen","Privatkunden und Entscheidende","/angebot-guenstiger-pruefen","MEDIUM","MEDIUM","Rendered HTML: 850 words; FAQ 3; Article schema yes; main CTA yes; repeated long blocks 55%; visible external sources 0; visible editorial owner no; self-canonical yes","STRENGTHEN","P2"
"https://www.floxant.de/blog/grundreinigung-bodenreinigung-hauseingang-regensburg","de","A_DUESSELDORF_REINIGUNG","Leistung und Ablauf verstehen","Privatkunden und Entscheidende","/duesseldorf/reinigung","GOOD","HIGH","Rendered HTML: 1606 words; FAQ 6; Article schema yes; main CTA yes; repeated long blocks 33%; visible external sources 0; visible editorial owner no; self-canonical yes","KEEP","P3"
"https://www.floxant.de/blog/umzug-muenchen-festpreis-fernumzug-organisieren","de","C_ANGEBOT_UND_LEISTUNGSUMFANG","Angebot oder Kosten einordnen","Privatkunden und Entscheidende","/angebot-guenstiger-pruefen","MEDIUM","MEDIUM","Rendered HTML: 824 words; FAQ 3; Article schema yes; main CTA yes; repeated long blocks 55%; visible external sources 0; visible editorial owner no; self-canonical yes","MANUAL_REVIEW","P1"
"https://www.floxant.de/blog/haushaltsaufloesung-regensburg-container-mieten-alternative","de","B_REGENSBURG_UMZUG_RAEUMUNG_UEBERGABE","Leistung und Ablauf verstehen","Privatkunden und Entscheidende","/regensburg/entruempelung","MEDIUM","MEDIUM","Rendered HTML: 773 words; FAQ 3; Article schema yes; main CTA yes; repeated long blocks 61%; visible external sources 0; visible editorial owner no; self-canonical yes","STRENGTHEN","P2"
"https://www.floxant.de/blog/buero-reinigen-regensburg-bueroreinigung-angebot","de","A_DUESSELDORF_REINIGUNG","Angebot oder Kosten einordnen","Unternehmen und Verwaltungen","/angebot-guenstiger-pruefen","GOOD","MEDIUM","Rendered HTML: 1042 words; FAQ 4; Article schema yes; main CTA yes; repeated long blocks 46%; visible external sources 0; visible editorial owner no; self-canonical yes","KEEP","P3"
"https://www.floxant.de/blog/treppenhausreinigung-regensburg-hauseingang-hausverwaltung","de","A_DUESSELDORF_REINIGUNG","Leistung und Ablauf verstehen","Unternehmen und Verwaltungen","/duesseldorf/reinigung","GOOD","MEDIUM","Rendered HTML: 961 words; FAQ 4; Article schema yes; main CTA yes; repeated long blocks 46%; visible external sources 0; visible editorial owner no; self-canonical yes","KEEP","P3"
"https://www.floxant.de/blog/praxisentruempelung-nuernberg-richtig-anfragen","de","B_REGENSBURG_UMZUG_RAEUMUNG_UEBERGABE","Leistung und Ablauf verstehen","Unternehmen und Verwaltungen","/duesseldorf/reinigung","MEDIUM","MEDIUM","Rendered HTML: 783 words; FAQ 3; Article schema yes; main CTA yes; repeated long blocks 55%; visible external sources 0; visible editorial owner no; self-canonical yes","MANUAL_REVIEW","P1"
"https://www.floxant.de/blog/reinigungsfirma-regensburg-preise-kosten-angebot-pruefen","de","C_ANGEBOT_UND_LEISTUNGSUMFANG","Angebot oder Kosten einordnen","Unternehmen und Verwaltungen","/angebot-guenstiger-pruefen","MEDIUM","MEDIUM","Rendered HTML: 1000 words; FAQ 4; Article schema yes; main CTA yes; repeated long blocks 50%; visible external sources 0; visible editorial owner no; self-canonical yes","STRENGTHEN","P2"
"https://www.floxant.de/blog/reinigungsfirma-regensburg-in-der-naehe-stadtteile","de","OUTSIDE_TARGET_CLUSTER","Anbieter oder Kontaktweg auswaehlen","Unternehmen und Verwaltungen","/regensburg/reinigung","MEDIUM","MEDIUM","Rendered HTML: 750 words; FAQ 3; Article schema yes; main CTA yes; repeated long blocks 65%; visible external sources 0; visible editorial owner no; self-canonical yes","STRENGTHEN","P2"
"https://www.floxant.de/blog/reinigungsunternehmen-regensburg-anbieter-vergleichen","de","C_ANGEBOT_UND_LEISTUNGSUMFANG","Angebot oder Kosten einordnen","Privatkunden und Entscheidende","/angebot-guenstiger-pruefen","GOOD","MEDIUM","Rendered HTML: 983 words; FAQ 4; Article schema yes; main CTA yes; repeated long blocks 48%; visible external sources 0; visible editorial owner no; self-canonical yes","KEEP","P3"
"https://www.floxant.de/blog/umzugsangebot-muenchen-pruefen-festpreis-guenstiger","de","C_ANGEBOT_UND_LEISTUNGSUMFANG","Angebot oder Kosten einordnen","Privatkunden und Entscheidende","/angebot-guenstiger-pruefen","MEDIUM","MEDIUM","Rendered HTML: 765 words; FAQ 3; Article schema yes; main CTA yes; repeated long blocks 58%; visible external sources 0; visible editorial owner no; self-canonical yes","MANUAL_REVIEW","P1"
"https://www.floxant.de/blog/entruempelung-regensburg-angebot-haushaltsaufloesung-pruefen","de","C_ANGEBOT_UND_LEISTUNGSUMFANG","Angebot oder Kosten einordnen","Privatkunden und Entscheidende","/angebot-guenstiger-pruefen","MEDIUM","MEDIUM","Rendered HTML: 764 words; FAQ 3; Article schema yes; main CTA yes; repeated long blocks 61%; visible external sources 0; visible editorial owner no; self-canonical yes","STRENGTHEN","P2"
