severity,check,faqId,route,locale,detail,recommendation
WARNING,FAQ_WITHOUT_ACTIVE_OUTPUT,faq-apartment-cleaning-details-duesseldorf-en,,en,Öffentliche FAQ ist derzeit nur vorbereitet und keiner aktiven Ausgabe zugeordnet.,Erst nach passender Seitenintegration aktivieren oder publicAllowed überprüfen.
WARNING,FAQ_WITHOUT_ACTIVE_OUTPUT,faq-apartment-cleaning-details-regensburg-en,,en,Öffentliche FAQ ist derzeit nur vorbereitet und keiner aktiven Ausgabe zugeordnet.,Erst nach passender Seitenintegration aktivieren oder publicAllowed überprüfen.
WARNING,FAQ_WITHOUT_ACTIVE_OUTPUT,faq-guest-turnover-scope-en,,en,Öffentliche FAQ ist derzeit nur vorbereitet und keiner aktiven Ausgabe zugeordnet.,Erst nach passender Seitenintegration aktivieren oder publicAllowed überprüfen.
WARNING,FAQ_WITHOUT_ACTIVE_OUTPUT,faq-guest-turnover-access-en,,en,Öffentliche FAQ ist derzeit nur vorbereitet und keiner aktiven Ausgabe zugeordnet.,Erst nach passender Seitenintegration aktivieren oder publicAllowed überprüfen.
WARNING,FAQ_WITHOUT_ACTIVE_OUTPUT,faq-guest-turnover-platform-boundary-en,,en,Öffentliche FAQ ist derzeit nur vorbereitet und keiner aktiven Ausgabe zugeordnet.,Erst nach passender Seitenintegration aktivieren oder publicAllowed überprüfen.
WARNING,FAQ_WITHOUT_ACTIVE_OUTPUT,faq-practice-details-duesseldorf-en,,en,Öffentliche FAQ ist derzeit nur vorbereitet und keiner aktiven Ausgabe zugeordnet.,Erst nach passender Seitenintegration aktivieren oder publicAllowed überprüfen.
WARNING,FAQ_WITHOUT_ACTIVE_OUTPUT,faq-practice-boundaries-duesseldorf-en,,en,Öffentliche FAQ ist derzeit nur vorbereitet und keiner aktiven Ausgabe zugeordnet.,Erst nach passender Seitenintegration aktivieren oder publicAllowed überprüfen.
WARNING,FAQ_WITHOUT_ACTIVE_OUTPUT,faq-window-details-duesseldorf-en,,en,Öffentliche FAQ ist derzeit nur vorbereitet und keiner aktiven Ausgabe zugeordnet.,Erst nach passender Seitenintegration aktivieren oder publicAllowed überprüfen.
WARNING,FAQ_WITHOUT_ACTIVE_OUTPUT,faq-window-scope-duesseldorf-en,,en,Öffentliche FAQ ist derzeit nur vorbereitet und keiner aktiven Ausgabe zugeordnet.,Erst nach passender Seitenintegration aktivieren oder publicAllowed überprüfen.
WARNING,FAQ_WITHOUT_ACTIVE_OUTPUT,faq-window-access-duesseldorf-en,,en,Öffentliche FAQ ist derzeit nur vorbereitet und keiner aktiven Ausgabe zugeordnet.,Erst nach passender Seitenintegration aktivieren oder publicAllowed überprüfen.
WARNING,FAQ_WITHOUT_ACTIVE_OUTPUT,faq-moving-mini-regensburg-de,,de,Öffentliche FAQ ist derzeit nur vorbereitet und keiner aktiven Ausgabe zugeordnet.,Erst nach passender Seitenintegration aktivieren oder publicAllowed überprüfen.
WARNING,FAQ_WITHOUT_ACTIVE_OUTPUT,faq-moving-mini-regensburg-en,,en,Öffentliche FAQ ist derzeit nur vorbereitet und keiner aktiven Ausgabe zugeordnet.,Erst nach passender Seitenintegration aktivieren oder publicAllowed überprüfen.
WARNING,FAQ_WITHOUT_ACTIVE_OUTPUT,faq-moving-quote-regensburg-en,,en,Öffentliche FAQ ist derzeit nur vorbereitet und keiner aktiven Ausgabe zugeordnet.,Erst nach passender Seitenintegration aktivieren oder publicAllowed überprüfen.
WARNING,FAQ_WITHOUT_ACTIVE_OUTPUT,faq-household-inspection-regensburg-en,,en,Öffentliche FAQ ist derzeit nur vorbereitet und keiner aktiven Ausgabe zugeordnet.,Erst nach passender Seitenintegration aktivieren oder publicAllowed überprüfen.
WARNING,FAQ_WITHOUT_ACTIVE_OUTPUT,faq-household-details-regensburg-en,,en,Öffentliche FAQ ist derzeit nur vorbereitet und keiner aktiven Ausgabe zugeordnet.,Erst nach passender Seitenintegration aktivieren oder publicAllowed überprüfen.
WARNING,FAQ_WITHOUT_ACTIVE_OUTPUT,faq-offer-no-savings-guarantee-en,,en,Öffentliche FAQ ist derzeit nur vorbereitet und keiner aktiven Ausgabe zugeordnet.,Erst nach passender Seitenintegration aktivieren oder publicAllowed überprüfen.
WARNING,FAQ_WITHOUT_ACTIVE_OUTPUT,faq-offer-no-legal-advice-en,,en,Öffentliche FAQ ist derzeit nur vorbereitet und keiner aktiven Ausgabe zugeordnet.,Erst nach passender Seitenintegration aktivieren oder publicAllowed überprüfen.
WARNING,FAQ_WITHOUT_ACTIVE_OUTPUT,faq-offer-without-document-en,,en,Öffentliche FAQ ist derzeit nur vorbereitet und keiner aktiven Ausgabe zugeordnet.,Erst nach passender Seitenintegration aktivieren oder publicAllowed überprüfen.
WARNING,FAQ_WITHOUT_ACTIVE_OUTPUT,faq-practice-areas-duesseldorf-en,,en,Öffentliche FAQ ist derzeit nur vorbereitet und keiner aktiven Ausgabe zugeordnet.,Erst nach passender Seitenintegration aktivieren oder publicAllowed überprüfen.
WARNING,FAQ_WITHOUT_ACTIVE_OUTPUT,faq-window-frame-scope-duesseldorf-en,,en,Öffentliche FAQ ist derzeit nur vorbereitet und keiner aktiven Ausgabe zugeordnet.,Erst nach passender Seitenintegration aktivieren oder publicAllowed überprüfen.
WARNING,FAQ_WITHOUT_ACTIVE_OUTPUT,faq-construction-cleaning-duesseldorf-en,,en,Öffentliche FAQ ist derzeit nur vorbereitet und keiner aktiven Ausgabe zugeordnet.,Erst nach passender Seitenintegration aktivieren oder publicAllowed überprüfen.
WARNING,FAQ_NOT_IN_RENDERED_HTML,faq-moving-details-regensburg-de,/umzug-regensburg/anfrage,de,Zugeordnete Frage fehlt im vorhandenen statischen HTML.,Static Export nach Integration neu bauen und erneut auditieren.
WARNING,FAQ_NOT_IN_RENDERED_HTML,faq-moving-from-to-regensburg-de,/umzug-regensburg/anfrage,de,Zugeordnete Frage fehlt im vorhandenen statischen HTML.,Static Export nach Integration neu bauen und erneut auditieren.
WARNING,FAQ_NOT_IN_RENDERED_HTML,faq-moving-long-distance-regensburg-de,/umzug-regensburg/anfrage,de,Zugeordnete Frage fehlt im vorhandenen statischen HTML.,Static Export nach Integration neu bauen und erneut auditieren.
WARNING,FAQ_NOT_IN_RENDERED_HTML,faq-moving-floors-lift-regensburg-de,/umzug-regensburg/anfrage,de,Zugeordnete Frage fehlt im vorhandenen statischen HTML.,Static Export nach Integration neu bauen und erneut auditieren.
WARNING,FAQ_NOT_IN_RENDERED_HTML,faq-moving-assembly-regensburg-de,/umzug-regensburg/anfrage,de,Zugeordnete Frage fehlt im vorhandenen statischen HTML.,Static Export nach Integration neu bauen und erneut auditieren.
WARNING,FAQ_NOT_IN_RENDERED_HTML,faq-piano-details-regensburg-de,/umzug-regensburg/anfrage,de,Zugeordnete Frage fehlt im vorhandenen statischen HTML.,Static Export nach Integration neu bauen und erneut auditieren.
WARNING,FAQ_NOT_IN_RENDERED_HTML,faq-moving-effort-regensburg-de,/umzug-regensburg/anfrage,de,Zugeordnete Frage fehlt im vorhandenen statischen HTML.,Static Export nach Integration neu bauen und erneut auditieren.
WARNING,FAQ_NOT_IN_RENDERED_HTML,faq-moving-combined-regensburg-de,/umzug-regensburg/anfrage,de,Zugeordnete Frage fehlt im vorhandenen statischen HTML.,Static Export nach Integration neu bauen und erneut auditieren.
INFO,PLANNED_ASSIGNMENT,,/en/duesseldorf/move-out-cleaning,en,English Düsseldorf route was not present at review time; do not expose until route and hreflang are approved.,
WARNING,FAQ_USED_ON_TOO_MANY_PAGES,faq-request-next-step-de,,,"FAQ wird auf 13 aktiven Seiten verwendet: /, /duesseldorf/reinigung, /reinigung-moeblierte-wohnung-duesseldorf, /reinigung-moeblierte-wohnung-regensburg, /duesseldorf/bueroreinigung, /duesseldorf/fensterreinigung, /duesseldorf/baureinigung, /regensburg/entruempelung, /regensburg/wohnungsaufloesung, /duesseldorf/grundreinigung, /duesseldorf/unterhaltsreinigung, /duesseldorf/gewerbereinigung, /duesseldorf/treppenhausreinigung",Seitenspezifische Frage kuratieren oder Nutzung auf die passendsten Seiten begrenzen.
WARNING,FAQ_USED_ON_TOO_MANY_PAGES,faq-cleaning-details-duesseldorf-de,,,"FAQ wird auf 6 aktiven Seiten verwendet: /, /duesseldorf/reinigung, /duesseldorf/baureinigung, /duesseldorf/grundreinigung, /duesseldorf/gewerbereinigung, /duesseldorf/treppenhausreinigung",Seitenspezifische Frage kuratieren oder Nutzung auf die passendsten Seiten begrenzen.
WARNING,FAQ_USED_ON_TOO_MANY_PAGES,faq-cleaning-effort-duesseldorf-de,,,"FAQ wird auf 6 aktiven Seiten verwendet: /duesseldorf/reinigung, /duesseldorf/bueroreinigung, /duesseldorf/baureinigung, /duesseldorf/grundreinigung, /duesseldorf/gewerbereinigung, /duesseldorf/treppenhausreinigung",Seitenspezifische Frage kuratieren oder Nutzung auf die passendsten Seiten begrenzen.
WARNING,FAQ_USED_ON_TOO_MANY_PAGES,faq-office-frequency-de,,,"FAQ wird auf 5 aktiven Seiten verwendet: /duesseldorf/bueroreinigung, /duesseldorf/praxisreinigung, /duesseldorf/unterhaltsreinigung, /duesseldorf/gewerbereinigung, /duesseldorf/treppenhausreinigung",Seitenspezifische Frage kuratieren oder Nutzung auf die passendsten Seiten begrenzen.
WARNING,FAQ_USED_ON_TOO_MANY_PAGES,faq-office-access-de,,,"FAQ wird auf 5 aktiven Seiten verwendet: /duesseldorf/bueroreinigung, /duesseldorf/praxisreinigung, /duesseldorf/unterhaltsreinigung, /duesseldorf/gewerbereinigung, /duesseldorf/treppenhausreinigung",Seitenspezifische Frage kuratieren oder Nutzung auf die passendsten Seiten begrenzen.
