url,clicks,impressions,ctr,position,locale,sourceCount
https://www.floxant.de/duesseldorf/reinigung,3,3143,0.000955,11.15,de,1
https://www.floxant.de/duesseldorf,4,1366,0.002928,24.38,de,1
https://www.floxant.de/duesseldorf/bueroreinigung,0,934,0.000000,33.97,de,1
https://www.floxant.de/umzug-muenchen,0,575,0.000000,40.60,de,1
https://www.floxant.de/duesseldorf/gewerbereinigung,0,454,0.000000,39.39,de,1
https://www.floxant.de/,12,424,0.028302,6.27,de,1
https://www.floxant.de/duesseldorf/hausverwaltung-reinigung,0,339,0.000000,23.58,de,1
https://www.floxant.de/regensburg/umzug,1,274,0.003650,59.99,de,1
https://www.floxant.de/umzug-regensburg,0,266,0.000000,49.72,de,1
https://www.floxant.de/regensburg/entruempelung,0,265,0.000000,77.57,de,1
https://www.floxant.de/entruempelung,0,252,0.000000,30.48,de,1
https://www.floxant.de/reinigung-muenchen,0,229,0.000000,36.13,de,1
https://www.floxant.de/private-client-service,0,179,0.000000,5.73,de,1
https://www.floxant.de/reinigung-landshut,0,155,0.000000,15.21,de,1
https://www.floxant.de/blog/reinigungsfirma-duesseldorf-preise-kosten-angebot-pruefen,0,154,0.000000,20.98,de,1
https://www.floxant.de/entruempelung-landshut,0,152,0.000000,16.22,de,1
https://www.floxant.de/blog/grundreinigung-duesseldorf-angebot-kosten-pruefen,1,127,0.007874,13.03,de,1
https://www.floxant.de/duesseldorf/reinigungsfirma,0,120,0.000000,69.86,de,1
https://www.floxant.de/umzug-neustadt-an-der-waldnaab,0,108,0.000000,6.44,de,1
https://www.floxant.de/seniorenumzug-bamberg,0,104,0.000000,10.32,de,1
https://www.floxant.de/duesseldorf/praxisreinigung,0,100,0.000000,61.39,de,1
https://www.floxant.de/seniorenumzug-erlangen,0,97,0.000000,20.11,de,1
https://www.floxant.de/klaviertransport-nuernberg,0,95,0.000000,18.36,de,1
https://www.floxant.de/umzugskosten-bayern,0,88,0.000000,31.12,de,1
https://www.floxant.de/entruempelung-nuernberg,0,72,0.000000,25.85,de,1
https://www.floxant.de/seniorenumzug-wuerzburg,0,70,0.000000,10.74,de,1
https://www.floxant.de/wohnungsaufloesung-regensburg,0,68,0.000000,42.41,de,1
https://www.floxant.de/blog/praxisentruempelung-nuernberg-richtig-anfragen,0,66,0.000000,9.65,de,1
https://www.floxant.de/kontakt,0,64,0.000000,16.09,de,1
https://www.floxant.de/wohnungsaufloesung-nuernberg,0,58,0.000000,36.21,de,1
https://www.floxant.de/leerfahrt-rueckfahrt,2,56,0.035714,25.93,de,1
https://www.floxant.de/studentenumzug-vohenstrauss,0,55,0.000000,6.82,de,1
https://www.floxant.de/reinigung,0,55,0.000000,29.27,de,1
https://www.floxant.de/umzug-nabburg,0,51,0.000000,4.75,de,1
https://www.floxant.de/seniorenumzug-nuernberg,0,50,0.000000,19.10,de,1
https://www.floxant.de/fa/reinigung-muenchen,0,49,0.000000,60.80,de,1
https://www.floxant.de/gewerbereinigung-regensburg,0,47,0.000000,12.98,de,1
https://www.floxant.de/angebot-guenstiger-pruefen,0,47,0.000000,27.23,de,1
https://www.floxant.de/blog/umzug-im-alter-erlangen-bamberg-fuerth,0,46,0.000000,5.00,de,1
https://www.floxant.de/bg/entruempelung-amberg,0,45,0.000000,78.69,de,1
https://www.floxant.de/bueroumzug-rosenheim,0,43,0.000000,9.70,de,1
https://www.floxant.de/umzug-muenchen-bogenhausen,0,42,0.000000,28.71,de,1
https://www.floxant.de/duesseldorf/vielleicht-guenstiger,0,42,0.000000,38.52,de,1
https://www.floxant.de/angebot-vergleichen-duesseldorf,0,41,0.000000,44.80,de,1
https://www.floxant.de/duesseldorf/krankenhausreinigung,0,38,0.000000,28.79,de,1
https://www.floxant.de/regensburg/wohnungsaufloesung,0,37,0.000000,45.43,de,1
https://www.floxant.de/regensburg/uebergabereinigung,0,36,0.000000,14.83,de,1
https://www.floxant.de/umzug,0,36,0.000000,34.00,de,1
https://www.floxant.de/de/reinigung-muenchen,0,33,0.000000,54.18,de,1
https://www.floxant.de/seniorenumzug-erding,0,32,0.000000,3.53,de,1
https://www.floxant.de/umzug-muenchen-haidhausen,0,32,0.000000,8.62,de,1
https://www.floxant.de/entruempelung-zeitlarn,0,31,0.000000,7.06,de,1
https://www.floxant.de/seniorenumzug-landshut,0,30,0.000000,8.60,de,1
https://www.floxant.de/umzug-vohenstrauss,0,30,0.000000,21.97,de,1
https://www.floxant.de/duesseldorf/entruempelung,0,29,0.000000,12.83,de,1
https://www.floxant.de/blog/grundreinigung-bodenreinigung-hauseingang-d%C3%BCsseldorf,0,29,0.000000,27.00,de,1
https://www.floxant.de/reinigung-augsburg,0,28,0.000000,29.89,de,1
https://www.floxant.de/regensburg/reinigung,0,28,0.000000,46.43,de,1
https://www.floxant.de/service-area-bayern,0,27,0.000000,32.15,de,1
https://www.floxant.de/blog/kueche-bad-textilien-geruch,1,26,0.038462,8.50,de,1
https://www.floxant.de/en,0,26,0.000000,21.65,en,1
https://www.floxant.de/ro/seniorenumzug-bayern,0,25,0.000000,20.36,de,1
https://www.floxant.de/ratgeber/reinigung-nach-umzug,0,25,0.000000,31.16,de,1
https://www.floxant.de/rechner,0,25,0.000000,38.60,de,1
https://www.floxant.de/entruempelung-neutraubling,0,25,0.000000,64.92,de,1
https://www.floxant.de/studentenumzug-erding,0,24,0.000000,15.08,de,1
https://www.floxant.de/schluesseluebergabe,1,24,0.041667,29.08,de,1
https://www.floxant.de/entruempelung-grafenau,0,24,0.000000,34.12,de,1
https://www.floxant.de/duesseldorf/reinigung-stadtteile-umgebung,0,24,0.000000,51.58,de,1
https://www.floxant.de/blog/reinigungsfirma-duesseldorf-in-der-naehe-stadtteile,0,23,0.000000,8.30,de,1
https://www.floxant.de/umzug-muenchen-schwabing,0,23,0.000000,13.74,de,1
https://www.floxant.de/blog/reinigungsbetrieb-reinigungsunternehmen-duesseldorf-kosten,0,23,0.000000,17.22,de,1
https://www.floxant.de/regensburg/bueroreinigung,0,23,0.000000,22.26,de,1
https://www.floxant.de/seniorenumzug-fuerth,0,22,0.000000,15.73,de,1
https://www.floxant.de/blog/treppenhausreinigungen-duesseldorf-hauseingang-hausverwaltung,0,22,0.000000,19.68,de,1
https://www.floxant.de/it/seniorenumzug-bayern,0,21,0.000000,3.33,de,1
https://www.floxant.de/pl/umzug-erding,0,21,0.000000,18.14,de,1
https://www.floxant.de/anbieter-vergleichen,0,20,0.000000,12.15,de,1
https://www.floxant.de/regensburg/haushaltsaufloesung,0,20,0.000000,61.45,de,1
https://www.floxant.de/regensburg/endreinigung,0,19,0.000000,9.26,de,1
https://www.floxant.de/pl/umzug-ingolstadt,0,19,0.000000,75.53,de,1
https://www.floxant.de/reinigung-bamberg,0,18,0.000000,36.83,de,1
https://www.floxant.de/umzug-ingolstadt,0,18,0.000000,64.17,de,1
https://www.floxant.de/seniorenumzug-starnberg,0,17,0.000000,3.59,de,1
https://www.floxant.de/de/ratgeber/entruempelung-kosten-pro-m3,0,17,0.000000,7.12,de,1
https://www.floxant.de/blog/grundreinigung-bodenreinigung-hauseingang-duesseldorf,0,17,0.000000,9.82,de,1
https://www.floxant.de/reinigung-vilsbiburg,0,17,0.000000,10.88,de,1
https://www.floxant.de/reinigung-sulzbach-rosenberg,0,17,0.000000,24.88,de,1
https://www.floxant.de/reinigung-regensburg,0,17,0.000000,35.24,de,1
https://www.floxant.de/duesseldorf/wohnungsreinigung,0,17,0.000000,41.06,de,1
https://www.floxant.de/regensburg/gewerbereinigung,0,17,0.000000,48.29,de,1
https://www.floxant.de/ro/umzug-bayern,0,17,0.000000,63.71,de,1
https://www.floxant.de/seniorenumzug-bayern,0,16,0.000000,5.19,de,1
https://www.floxant.de/blog/nicht-vor-ort-schluessel-fotos-uebergabe-floxant,0,16,0.000000,7.25,de,1
https://www.floxant.de/entsorgung-kosten-rechner,0,16,0.000000,9.06,de,1
https://www.floxant.de/regensburg/besenreine-uebergabe,0,16,0.000000,12.00,de,1
https://www.floxant.de/seniorenumzug-germering,0,16,0.000000,16.31,de,1
https://www.floxant.de/blog/gewerbereinigung-angebot-vergleichen,0,16,0.000000,36.19,de,1
https://www.floxant.de/einsatzgebiet-regensburg-200km,0,15,0.000000,9.53,de,1
https://www.floxant.de/ja/umzug-bayern,0,15,0.000000,42.73,de,1
https://www.floxant.de/umzug-nuernberg,0,15,0.000000,43.93,de,1
https://www.floxant.de/umzug-burglengenfeld,0,14,0.000000,11.86,de,1
https://www.floxant.de/entruempelung-koefering,0,14,0.000000,22.00,de,1
https://www.floxant.de/ru/kleintransporte,0,14,0.000000,29.36,de,1
https://www.floxant.de/wohnungsaufloesung-beratzhausen,0,14,0.000000,40.79,de,1
https://www.floxant.de/entruempelung-roth,0,13,0.000000,6.00,de,1
https://www.floxant.de/reinigung-passau,0,13,0.000000,13.54,de,1
https://www.floxant.de/blog/baustaub-nach-renovierung-reihenfolge,0,13,0.000000,13.92,de,1
https://www.floxant.de/blog/reinigungsfirma-d%C3%BCsseldorf-in-der-naehe-stadtteile,0,13,0.000000,25.23,de,1
https://www.floxant.de/reinigung-schwandorf,1,13,0.076923,25.77,de,1
https://www.floxant.de/blog/duesseldorf-reinigung-services-gewerbe-praxis-hausverwaltung,0,13,0.000000,35.38,de,1
https://www.floxant.de/reinigung-fuerstenfeldbruck,1,13,0.076923,48.00,de,1
https://www.floxant.de/de/seniorenumzug-bayern,0,13,0.000000,52.62,de,1
https://www.floxant.de/en/entruempelung-nuernberg,0,13,0.000000,93.00,en,1
https://www.floxant.de/bg/ratgeber/umzug-kosten-regensburg,0,12,0.000000,7.17,de,1
https://www.floxant.de/ratgeber/umzug-anmelden-ummelden,0,12,0.000000,8.58,de,1
https://www.floxant.de/reinigung-nuernberg,1,12,0.083333,9.83,de,1
https://www.floxant.de/duesseldorf/grundreinigung,0,12,0.000000,17.67,de,1
https://www.floxant.de/entruempelung-regensburg,0,12,0.000000,17.75,de,1
https://www.floxant.de/de/umzug-friedberg,0,12,0.000000,27.25,de,1
https://www.floxant.de/ratgeber/umzug-kosten-regensburg,0,12,0.000000,30.42,de,1
https://www.floxant.de/bueroumzug-nuernberg,0,12,0.000000,74.92,de,1
https://www.floxant.de/klaviertransport-regensburg,0,11,0.000000,8.00,de,1
https://www.floxant.de/klaviertransport-wuerzburg,0,11,0.000000,8.09,de,1
https://www.floxant.de/reinigung-erlangen,0,11,0.000000,9.36,de,1
https://www.floxant.de/kleintransport-regensburg,1,11,0.090909,9.64,de,1
https://www.floxant.de/pl/halteverbotszone-muenchen,0,11,0.000000,20.91,de,1
https://www.floxant.de/umzug-fuerth,0,11,0.000000,28.36,de,1
https://www.floxant.de/duesseldorf/treppenhausreinigung,0,11,0.000000,28.91,de,1
https://www.floxant.de/umzug-forchheim,0,11,0.000000,33.64,de,1
https://www.floxant.de/bueroumzug,0,11,0.000000,46.18,de,1
https://www.floxant.de/en/entruempelung-muenchen,0,11,0.000000,67.82,en,1
https://www.floxant.de/duesseldorf/geruchsneutralisation,0,10,0.000000,3.80,de,1
https://www.floxant.de/reinigung-nittendorf,2,10,0.200000,5.40,de,1
https://www.floxant.de/agb,0,10,0.000000,9.70,de,1
https://www.floxant.de/entruempelung-cham,0,10,0.000000,12.20,de,1
https://www.floxant.de/klaviertransport-fuerth,1,10,0.100000,16.20,de,1
https://www.floxant.de/duesseldorf/hotelreinigung,0,10,0.000000,19.00,de,1
https://www.floxant.de/objektbrief,0,10,0.000000,61.40,de,1
https://www.floxant.de/reinigung-preis-rechner,0,10,0.000000,67.90,de,1
https://www.floxant.de/blog/floxant-duesseldorf-regensburg-wo-taetig,0,9,0.000000,4.44,de,1
https://www.floxant.de/klaviertransport-amberg,1,9,0.111111,5.78,de,1
https://www.floxant.de/blog/umzug-reinigung-entruempelung-wer-hilft-regensburg-bayern,0,9,0.000000,7.44,de,1
https://www.floxant.de/klaviertransport-ingolstadt,1,9,0.111111,9.22,de,1
https://www.floxant.de/entruempelung-neumarkt,0,9,0.000000,11.44,de,1
https://www.floxant.de/blog/duesseldorf-reinigung-floxant-klare-trennung,0,9,0.000000,12.89,de,1
https://www.floxant.de/duesseldorf/entsorgung,0,9,0.000000,22.78,de,1
https://www.floxant.de/umzug-kelheim,0,9,0.000000,25.56,de,1
https://www.floxant.de/umzug-neutraubling,0,9,0.000000,27.56,de,1
https://www.floxant.de/wohnungsaufloesung-bayern,0,9,0.000000,37.67,de,1
https://www.floxant.de/kleinmengen-entsorgung,0,9,0.000000,38.44,de,1
https://www.floxant.de/blog/duesseldorf-buero-praxis-hausverwaltung-reinigung-anfrage,0,9,0.000000,46.11,de,1
https://www.floxant.de/klaviertransport-landsberg-am-lech,1,8,0.125000,3.88,de,1
https://www.floxant.de/klaviertransport-kempten,0,8,0.000000,4.75,de,1
https://www.floxant.de/reinigung-deggendorf,0,8,0.000000,6.38,de,1
https://www.floxant.de/klaviertransport-dachau,0,8,0.000000,6.88,de,1
https://www.floxant.de/entruempelung-kelheim,0,8,0.000000,7.75,de,1
https://www.floxant.de/entruempelung-vohenstrauss,0,8,0.000000,8.75,de,1
https://www.floxant.de/umzug-bad-koetzting,0,8,0.000000,8.88,de,1
https://www.floxant.de/reinigung-wuerzburg,0,8,0.000000,9.25,de,1
https://www.floxant.de/buchungsbedingungen,0,8,0.000000,9.38,de,1
https://www.floxant.de/seniorenumzug-neu-ulm,0,8,0.000000,10.25,de,1
https://www.floxant.de/entruempelung-pettendorf,0,8,0.000000,14.50,de,1
https://www.floxant.de/klaviertransport-coburg,0,8,0.000000,17.62,de,1
https://www.floxant.de/umzug-deggendorf,0,8,0.000000,17.62,de,1
https://www.floxant.de/blog/angebot-pruefen-lassen-wann-floxant-sinnvoll-ist,0,8,0.000000,21.00,de,1
https://www.floxant.de/de/duesseldorf,0,8,0.000000,31.88,de,1
https://www.floxant.de/ro/ratgeber/umzug-kosten-regensburg,0,8,0.000000,32.00,de,1
https://www.floxant.de/duesseldorf/umzug,0,8,0.000000,38.50,de,1
https://www.floxant.de/duesseldorf/gebaeudereinigung,0,8,0.000000,41.50,de,1
https://www.floxant.de/duesseldorf/firmenreinigung,0,8,0.000000,58.62,de,1
https://www.floxant.de/fa/impressum,1,7,0.142857,1.86,de,1
https://www.floxant.de/blog/b2b-reinigung-buero-praxis-hausverwaltung-richtig-anfragen,0,7,0.000000,3.86,de,1
https://www.floxant.de/umzug-freyung,0,7,0.000000,5.86,de,1
https://www.floxant.de/umzug-schierling,0,7,0.000000,7.86,de,1
https://www.floxant.de/entruempelung-hemau,0,7,0.000000,8.14,de,1
https://www.floxant.de/reinigung-alteglofsheim,1,7,0.142857,9.29,de,1
https://www.floxant.de/klaviertransport-landshut,0,7,0.000000,11.14,de,1
https://www.floxant.de/entruempelung-schierling,0,7,0.000000,13.71,de,1
https://www.floxant.de/reinigung-moeblierte-wohnung-duesseldorf,0,7,0.000000,14.86,de,1
https://www.floxant.de/reinigung-neumarkt,1,7,0.142857,16.14,de,1
https://www.floxant.de/reinigung-traunstein,0,7,0.000000,17.29,de,1
https://www.floxant.de/vi/reinigung,0,7,0.000000,39.57,de,1
https://www.floxant.de/reinigung-kelheim,0,7,0.000000,51.29,de,1
https://www.floxant.de/gewerbereinigung,0,7,0.000000,51.71,de,1
https://www.floxant.de/seniorenumzug-woerth-an-der-donau,0,7,0.000000,74.43,de,1
https://www.floxant.de/reinigung-altenthann,1,6,0.166667,3.33,de,1
https://www.floxant.de/klaviertransport-eichstaett,0,6,0.000000,3.67,de,1
https://www.floxant.de/reinigung-olching,0,6,0.000000,4.67,de,1
https://www.floxant.de/reinigung-dietfurt,0,6,0.000000,5.00,de,1
https://www.floxant.de/umzug-barbing,0,6,0.000000,5.33,de,1
https://www.floxant.de/entruempelung-teublitz,0,6,0.000000,5.83,de,1
https://www.floxant.de/umzug-postbauer-heng,0,6,0.000000,6.00,de,1
https://www.floxant.de/wohnungsaufloesung-neustadt-an-der-donau,0,6,0.000000,6.67,de,1
https://www.floxant.de/entruempelung-wernberg-koeblitz,0,6,0.000000,6.83,de,1
https://www.floxant.de/klaviertransport-bayreuth,0,6,0.000000,8.67,de,1
https://www.floxant.de/klaviertransport-schweinfurt,0,6,0.000000,8.67,de,1
https://www.floxant.de/buchung,0,6,0.000000,8.83,de,1
https://www.floxant.de/blog/service-kombination-umzug-reinigung-entruempelung,0,6,0.000000,9.00,de,1
https://www.floxant.de/umzug-neustadt-an-der-donau,0,6,0.000000,10.83,de,1
https://www.floxant.de/blog/schluesseluebergabe-vorbereiten-nicht-vor-ort,0,6,0.000000,12.50,de,1
https://www.floxant.de/entruempelung-neustadt-an-der-donau,0,6,0.000000,13.00,de,1
https://www.floxant.de/reinigung-hemau,0,6,0.000000,14.17,de,1
https://www.floxant.de/bueroumzug-weilheim-in-oberbayern,0,6,0.000000,21.50,de,1
https://www.floxant.de/geruchslos-protokoll,0,6,0.000000,23.67,de,1
https://www.floxant.de/express-anfrage,0,6,0.000000,33.00,de,1
https://www.floxant.de/entruempelung-ansbach,0,6,0.000000,40.83,de,1
https://www.floxant.de/damen-team,0,5,0.000000,1.00,de,1
https://www.floxant.de/en/duesseldorf/cleaning-quote-review,0,5,0.000000,3.80,en,1
https://www.floxant.de/duesseldorf/b2b-reinigung,0,5,0.000000,4.80,de,1
https://www.floxant.de/klaviertransport-germering,0,5,0.000000,5.00,de,1
https://www.floxant.de/ru/umzug-hamburg,0,5,0.000000,5.00,de,1
https://www.floxant.de/ar/umzug-muenchen,0,5,0.000000,5.80,de,1
https://www.floxant.de/bg/seniorenumzug-bayern,0,5,0.000000,5.80,de,1
https://www.floxant.de/studentenumzug-traunstein,0,5,0.000000,5.80,de,1
https://www.floxant.de/blog/fotodokumentation-umzug-reinigung,0,5,0.000000,6.20,de,1
https://www.floxant.de/ja/umzug-deuerling,0,5,0.000000,6.40,de,1
https://www.floxant.de/umzug-mainburg,0,5,0.000000,7.40,de,1
https://www.floxant.de/blog/buero-reinigen-duesseldorf-bueroreinigung-angebot,0,5,0.000000,7.80,de,1
https://www.floxant.de/klaviertransport-neu-ulm,0,5,0.000000,7.80,de,1
https://www.floxant.de/reinigung-vilseck,0,5,0.000000,8.00,de,1
https://www.floxant.de/umzug-vilsbiburg,0,5,0.000000,8.00,de,1
https://www.floxant.de/entruempelung-vilshofen,1,5,0.200000,8.20,de,1
https://www.floxant.de/reinigung-burglengenfeld,0,5,0.000000,8.20,de,1
https://www.floxant.de/reinigung-beratzhausen,0,5,0.000000,8.40,de,1
https://www.floxant.de/seniorenumzug-pettendorf,0,5,0.000000,9.60,de,1
https://www.floxant.de/bueroumzug-muenchen,0,5,0.000000,10.80,de,1
https://www.floxant.de/entruempelung-abensberg,0,5,0.000000,10.80,de,1
https://www.floxant.de/entruempelung-altenthann,0,5,0.000000,10.80,de,1
https://www.floxant.de/umzug-oberviechtach,0,5,0.000000,11.40,de,1
https://www.floxant.de/blog/umzugskosten-senken-7-tipps,0,5,0.000000,13.60,de,1
https://www.floxant.de/blog/gerueche-in-wohnung-vor-uebergabe,1,5,0.200000,15.40,de,1
https://www.floxant.de/blog/umzug-tipps-bayern,0,5,0.000000,17.20,de,1
https://www.floxant.de/wohnungsaufloesung-eschenbach-in-der-oberpfalz,0,5,0.000000,17.40,de,1
https://www.floxant.de/regensburg,0,5,0.000000,19.40,de,1
https://www.floxant.de/blog/diskrete-reinigung-peinliche-wohnsituation,0,5,0.000000,23.20,de,1
https://www.floxant.de/reinigung-furth-im-wald,0,5,0.000000,25.20,de,1
https://www.floxant.de/blog/entruempelung-bayern-leitfaden,0,5,0.000000,27.00,de,1
https://www.floxant.de/reinigung-postbauer-heng,0,5,0.000000,31.60,de,1
https://www.floxant.de/entruempelung-amberg,0,5,0.000000,34.20,de,1
https://www.floxant.de/bueroumzug-herzogenaurach,0,5,0.000000,41.00,de,1
https://www.floxant.de/klaviertransport-hohenfels,0,5,0.000000,55.00,de,1
https://www.floxant.de/makler-vermieter-link,0,5,0.000000,78.00,de,1
https://www.floxant.de/bg/umzug-bayern,0,5,0.000000,82.40,de,1
https://www.floxant.de/reinigung-schweinfurt,1,4,0.250000,3.50,de,1
https://www.floxant.de/blog/wenn-besuch-oder-uebergabe-morgen-ist,0,4,0.000000,3.75,de,1
https://www.floxant.de/en/regensburg/apartment-clearance,0,4,0.000000,3.75,en,1
https://www.floxant.de/blog/floxant-services-nach-situation-finden,0,4,0.000000,4.00,de,1
https://www.floxant.de/en/regensburg/moving-costs,0,4,0.000000,4.25,en,1
https://www.floxant.de/entruempelung-pentling,0,4,0.000000,4.25,de,1
https://www.floxant.de/entruempelung-bad-koetzting,0,4,0.000000,4.75,de,1
https://www.floxant.de/entruempelung-painten,0,4,0.000000,4.75,de,1
https://www.floxant.de/seniorenumzug-ansbach,0,4,0.000000,4.75,de,1
https://www.floxant.de/klaviertransport-guenzburg,1,4,0.250000,5.25,de,1
https://www.floxant.de/entruempelung-brunn,0,4,0.000000,5.50,de,1
https://www.floxant.de/klaviertransport-neumarkt,1,4,0.250000,6.00,de,1
https://www.floxant.de/reinigung-pentling,0,4,0.000000,6.25,de,1
https://www.floxant.de/reinigung-bayreuth,1,4,0.250000,6.50,de,1
https://www.floxant.de/blog/reset-nach-party-krankheit-belastung,0,4,0.000000,7.25,de,1
https://www.floxant.de/entruempelung-dingolfing,0,4,0.000000,7.25,de,1
https://www.floxant.de/entruempelung-wendelstein,0,4,0.000000,7.50,de,1
https://www.floxant.de/new-neighbour-kit,0,4,0.000000,7.50,de,1
https://www.floxant.de/studentenumzug-deggendorf,0,4,0.000000,8.50,de,1
https://www.floxant.de/vi/signature/new-neighbour-kit,0,4,0.000000,8.50,de,1
https://www.floxant.de/entruempelung-berching,0,4,0.000000,9.00,de,1
https://www.floxant.de/klaviertransport-schierling,0,4,0.000000,9.00,de,1
https://www.floxant.de/umzug-mammendorf,1,4,0.250000,9.50,de,1
https://www.floxant.de/entruempelung-beilngries,0,4,0.000000,9.50,de,1
https://www.floxant.de/de/reinigung-landshut,0,4,0.000000,9.75,de,1
https://www.floxant.de/de/umzug-straubing,0,4,0.000000,9.75,de,1
https://www.floxant.de/klaviertransport-herzogenaurach,0,4,0.000000,9.75,de,1
https://www.floxant.de/reinigung-mainburg,0,4,0.000000,9.75,de,1
https://www.floxant.de/ja/ratgeber/umzug-kosten-regensburg,0,4,0.000000,10.00,de,1
https://www.floxant.de/entruempelung-geisenfeld,0,4,0.000000,10.25,de,1
https://www.floxant.de/klaviertransport-bamberg,0,4,0.000000,11.00,de,1
https://www.floxant.de/entruempelung-fuerth,0,4,0.000000,12.00,de,1
https://www.floxant.de/klaviertransport-freising,0,4,0.000000,12.50,de,1
https://www.floxant.de/bueroumzug-mallersdorf-pfaffenberg,0,4,0.000000,12.75,de,1
https://www.floxant.de/umzug-geisenfeld,0,4,0.000000,13.00,de,1
https://www.floxant.de/umzug-rottenburg-an-der-laaber,0,4,0.000000,13.75,de,1
https://www.floxant.de/reinigung-ansbach,0,4,0.000000,16.25,de,1
https://www.floxant.de/reinigung-roth,0,4,0.000000,16.75,de,1
https://www.floxant.de/reinigung-lappersdorf,0,4,0.000000,17.75,de,1
https://www.floxant.de/entruempelung-hagelstadt,0,4,0.000000,19.75,de,1
https://www.floxant.de/reinigung-windischeschenbach,0,4,0.000000,20.00,de,1
https://www.floxant.de/bg/halteverbotszone-muenchen,0,4,0.000000,33.00,de,1
https://www.floxant.de/blog/baufeinreinigung-vor-einzug-uebergabe,0,4,0.000000,33.50,de,1
https://www.floxant.de/entruempelung-herzogenaurach,0,4,0.000000,34.75,de,1
https://www.floxant.de/duesseldorf/angebot-vergleichen,0,4,0.000000,35.75,de,1
https://www.floxant.de/reinigung-guenzburg,0,4,0.000000,35.75,de,1
https://www.floxant.de/klaviertransport-erlangen,0,4,0.000000,49.75,de,1
https://www.floxant.de/bueroumzug-fuerstenfeldbruck,0,4,0.000000,59.00,de,1
https://www.floxant.de/entruempelung-traunstein,0,4,0.000000,66.00,de,1
https://www.floxant.de/ingolstadt/umzug,0,4,0.000000,75.75,de,1
https://www.floxant.de/bg/entruempelung-muenchen,0,4,0.000000,81.50,de,1
https://www.floxant.de/duesseldorf/endreinigung,0,4,0.000000,87.75,de,1
https://www.floxant.de/tr/impressum,0,3,0.000000,1.00,de,1
https://www.floxant.de/uk/reinigung-regensburg,1,3,0.333333,2.67,de,1
https://www.floxant.de/blog/entsorgungsangebot-pruefen-regensburg-duesseldorf,0,3,0.000000,3.00,de,1
https://www.floxant.de/blog/reinigung-nach-umzug-angebot-regensburg-muenchen,0,3,0.000000,3.00,de,1
https://www.floxant.de/entruempelung-passau,0,3,0.000000,3.67,de,1
https://www.floxant.de/klaviertransport-weilheim-in-oberbayern,0,3,0.000000,3.67,de,1
https://www.floxant.de/klaviertransport-pfaffenhofen,0,3,0.000000,4.00,de,1
https://www.floxant.de/immobilie-verkaufsbereit-machen,0,3,0.000000,5.00,de,1
https://www.floxant.de/blog/auszug-checkliste-regensburg,0,3,0.000000,5.67,de,1
https://www.floxant.de/entruempelung-waldkirchen,0,3,0.000000,6.00,de,1
https://www.floxant.de/it/umzug-koefering,0,3,0.000000,6.00,de,1
https://www.floxant.de/wohnungsaufloesung-painten,0,3,0.000000,6.00,de,1
https://www.floxant.de/entruempelung-pfarrkirchen,0,3,0.000000,6.67,de,1
https://www.floxant.de/reinigung-velburg,0,3,0.000000,6.67,de,1
https://www.floxant.de/umzug-hohenfels,0,3,0.000000,7.00,de,1
https://www.floxant.de/blog/treppenhausreinigung-duesseldorf-hausverwaltung-angebot,0,3,0.000000,7.33,de,1
https://www.floxant.de/de/ratgeber/wann-lohnt-sich-umzugsfirma,0,3,0.000000,7.33,de,1
https://www.floxant.de/umzug-feucht,0,3,0.000000,7.33,de,1
https://www.floxant.de/entruempelung-woerth-an-der-donau,0,3,0.000000,7.67,de,1
https://www.floxant.de/entruempelung-vilsbiburg,1,3,0.333333,8.00,de,1
https://www.floxant.de/en/umzug-deggendorf,0,3,0.000000,8.00,en,1
https://www.floxant.de/reinigung-teublitz,0,3,0.000000,8.00,de,1
https://www.floxant.de/entruempelung-pocking,0,3,0.000000,8.67,de,1
https://www.floxant.de/reinigung-viechtach,0,3,0.000000,8.67,de,1
https://www.floxant.de/umzug-nittenau,0,3,0.000000,8.67,de,1
https://www.floxant.de/blog/entruempelung-vor-wohnungsuebergabe,0,3,0.000000,9.00,de,1
https://www.floxant.de/duesseldorf/reinigung/agb,0,3,0.000000,9.00,de,1
https://www.floxant.de/ru/entruempelung-regensburg,0,3,0.000000,9.00,de,1
https://www.floxant.de/umzug-waldkirchen,0,3,0.000000,9.00,de,1
https://www.floxant.de/reinigung-ergoldsbach,0,3,0.000000,9.33,de,1
https://www.floxant.de/umzug-vilseck,0,3,0.000000,9.33,de,1
https://www.floxant.de/blog/reinigung-und-schluesseltermin-planen,0,3,0.000000,9.67,de,1
https://www.floxant.de/entruempelung-ergoldsbach,0,3,0.000000,9.67,de,1
https://www.floxant.de/entruempelung-wiesent,0,3,0.000000,9.67,de,1
https://www.floxant.de/umzug-grafenau,0,3,0.000000,9.67,de,1
https://www.floxant.de/halteverbotszone,0,3,0.000000,10.00,de,1
https://www.floxant.de/klaviertransport-straubing,0,3,0.000000,10.00,de,1
https://www.floxant.de/seniorenumzug-deuerling,0,3,0.000000,10.00,de,1
https://www.floxant.de/blog/uebergabe-check-vor-vermietertermin,0,3,0.000000,10.33,de,1
https://www.floxant.de/blog/umzugsunternehmen-regensburg-auswahl,0,3,0.000000,10.33,de,1
https://www.floxant.de/seniorenumzug-kempten,0,3,0.000000,10.67,de,1
https://www.floxant.de/umzug-zwiesel,0,3,0.000000,12.00,de,1
https://www.floxant.de/fa/umzug-weiden,0,3,0.000000,12.67,de,1
https://www.floxant.de/entruempelung-memmingen,0,3,0.000000,14.67,de,1
https://www.floxant.de/fernumzug,0,3,0.000000,14.67,de,1
https://www.floxant.de/umzug-schweinfurt,0,3,0.000000,16.67,de,1
https://www.floxant.de/entruempelung-wackersdorf,0,3,0.000000,20.00,de,1
https://www.floxant.de/blog/staubarme-reinigung-nach-renovierung-umzug,0,3,0.000000,22.00,de,1
https://www.floxant.de/bueroumzug-erding,0,3,0.000000,22.33,de,1
https://www.floxant.de/entruempelung-freyung,0,3,0.000000,24.00,de,1
https://www.floxant.de/blog/fernumzug-bayern-nrw-tipps,0,3,0.000000,24.67,de,1
https://www.floxant.de/entruempelung-forchheim,0,3,0.000000,30.33,de,1
https://www.floxant.de/entruempelung-pfatter,0,3,0.000000,31.00,de,1
https://www.floxant.de/bueroumzug-altdorf-bei-nuernberg,0,3,0.000000,31.67,de,1
https://www.floxant.de/pl/reinigung-landshut,0,3,0.000000,35.00,de,1
https://www.floxant.de/ratgeber/wohnungsaufloesung-tipps,0,3,0.000000,36.67,de,1
https://www.floxant.de/umzug-landshut,0,3,0.000000,40.00,de,1
https://www.floxant.de/ratgeber/gute-umzugsfirma-finden,0,3,0.000000,48.00,de,1
https://www.floxant.de/ja/seniorenumzug-bayern,0,3,0.000000,49.67,de,1
https://www.floxant.de/seniorenumzug-roth,0,3,0.000000,59.33,de,1
https://www.floxant.de/regensburg/reinigungsfirma,0,3,0.000000,64.33,de,1
https://www.floxant.de/seniorenumzug-weilheim-in-oberbayern,0,3,0.000000,77.33,de,1
https://www.floxant.de/de/ratgeber/wohnungsaufloesung-tipps,0,3,0.000000,89.33,de,1
https://www.floxant.de/blog/wohnungsuebergabe-regensburg-vorbereiten,0,2,0.000000,1.00,de,1
https://www.floxant.de/blog/entrumpelung-kosten-bayern,0,2,0.000000,1.50,de,1
https://www.floxant.de/klaviertransport-ansbach,0,2,0.000000,1.50,de,1
https://www.floxant.de/blog/signature-services-extra-spezialfaelle-floxant,0,2,0.000000,2.00,de,1
https://www.floxant.de/blog/vor-schluesselabgabe-fertig-sein,0,2,0.000000,2.00,de,1
https://www.floxant.de/kostenfaktoren,0,2,0.000000,2.00,de,1
https://www.floxant.de/reinigung-pfarrkirchen,0,2,0.000000,2.00,de,1
https://www.floxant.de/entruempelung-osterhofen,0,2,0.000000,2.50,de,1
https://www.floxant.de/klaviertransport-auerbach-in-der-oberpfalz,0,2,0.000000,2.50,de,1
https://www.floxant.de/klaviertransport-kallmuenz,1,2,0.500000,3.00,de,1
https://www.floxant.de/bueroumzug-schweinfurt,0,2,0.000000,3.00,de,1
https://www.floxant.de/klaviertransport-olching,0,2,0.000000,3.00,de,1
https://www.floxant.de/wohnungsaufloesung-altdorf-bei-nuernberg,0,2,0.000000,3.00,de,1
https://www.floxant.de/bg/montage,0,2,0.000000,3.50,de,1
https://www.floxant.de/en/bueroumzug-ingolstadt,0,2,0.000000,3.50,en,1
https://www.floxant.de/umzug-obertraubling,0,2,0.000000,3.50,de,1
https://www.floxant.de/reinigung-seubersdorf,1,2,0.500000,4.00,de,1
https://www.floxant.de/blog/angebot-wirkt-zu-teuer-welche-fragen-stellen,0,2,0.000000,4.00,de,1
https://www.floxant.de/blog/endreinigung-regensburg-checkliste,0,2,0.000000,4.00,de,1
https://www.floxant.de/fa/umzug-wiesent,0,2,0.000000,4.00,de,1
https://www.floxant.de/klaviertransport-eschenbach-in-der-oberpfalz,0,2,0.000000,4.00,de,1
https://www.floxant.de/klaviertransport-tegernheim,0,2,0.000000,4.00,de,1
https://www.floxant.de/klaviertransport-traunstein,0,2,0.000000,4.00,de,1
https://www.floxant.de/reinigung-freising,0,2,0.000000,4.00,de,1
https://www.floxant.de/seniorenumzug-fuerstenfeldbruck,0,2,0.000000,4.00,de,1
https://www.floxant.de/wohnungsaufloesung-riedenburg,0,2,0.000000,4.00,de,1
https://www.floxant.de/blog/geruchsproblem-dokumentieren-statt-ueberdecken,0,2,0.000000,4.50,de,1
https://www.floxant.de/klaviertransport-memmingen,0,2,0.000000,4.50,de,1
https://www.floxant.de/umzug-laaber,0,2,0.000000,4.50,de,1
https://www.floxant.de/umzug-neunburg-vorm-wald,0,2,0.000000,4.50,de,1
https://www.floxant.de/blog/umzug-mit-kindern-stressfrei,0,2,0.000000,5.00,de,1
https://www.floxant.de/reinigung-zeitlarn,0,2,0.000000,5.00,de,1
https://www.floxant.de/ru/blog/wohnungsaufloesung-was-tun,0,2,0.000000,5.00,de,1
https://www.floxant.de/umzug-pettendorf,0,2,0.000000,5.00,de,1
https://www.floxant.de/klaviertransport-schwandorf,1,2,0.500000,5.50,de,1
https://www.floxant.de/klaviertransport-regen,0,2,0.000000,5.50,de,1
https://www.floxant.de/reinigung-kempten,0,2,0.000000,5.50,de,1
https://www.floxant.de/studentenumzug-mammendorf,0,2,0.000000,5.50,de,1
https://www.floxant.de/reinigung-grafenau,0,2,0.000000,6.00,de,1
https://www.floxant.de/umzug-eschenbach-in-der-oberpfalz,0,2,0.000000,6.00,de,1
https://www.floxant.de/umzug-wiesent,0,2,0.000000,6.00,de,1
https://www.floxant.de/blog/treppenhausreinigungen-d%C3%BCsseldorf-hauseingang-hausverwaltung,0,2,0.000000,6.50,de,1
https://www.floxant.de/en/klaviertransport-passau,0,2,0.000000,6.50,en,1
https://www.floxant.de/entruempelung-parsberg,0,2,0.000000,6.50,de,1
https://www.floxant.de/klaviertransport-lauf-an-der-pegnitz,0,2,0.000000,6.50,de,1
https://www.floxant.de/umzug-mallersdorf-pfaffenberg,0,2,0.000000,6.50,de,1
https://www.floxant.de/blog/budget-planung-umzug-kosten,0,2,0.000000,7.00,de,1
https://www.floxant.de/blog/empfang-kueche-sanitaer-montag,0,2,0.000000,7.00,de,1
https://www.floxant.de/blog/gewerbe-auszug-rueckgabevorbereitung,0,2,0.000000,7.00,de,1
https://www.floxant.de/bueroumzug-augsburg,0,2,0.000000,7.00,de,1
https://www.floxant.de/entruempelung-obertraubling,0,2,0.000000,7.00,de,1
https://www.floxant.de/ja/umzugskosten-bayern,0,2,0.000000,7.00,de,1
https://www.floxant.de/reinigung-bad-abbach,0,2,0.000000,7.00,de,1
https://www.floxant.de/umzug-aufhausen,0,2,0.000000,7.00,de,1
https://www.floxant.de/klaviertransport-starnberg,0,2,0.000000,7.50,de,1
https://www.floxant.de/ko/ratgeber/entruempelung-kosten-pro-m3,0,2,0.000000,7.50,de,1
https://www.floxant.de/seniorenumzug-kaufbeuren,0,2,0.000000,7.50,de,1
https://www.floxant.de/blog/sichtbare-sauberkeit-vermietertermin,0,2,0.000000,8.00,de,1
https://www.floxant.de/duesseldorf/putzfirma,0,2,0.000000,8.00,de,1
https://www.floxant.de/fa/blog/wohnungsaufloesung-was-tun,0,2,0.000000,8.00,de,1
https://www.floxant.de/klaviertransport-fuerstenfeldbruck,0,2,0.000000,8.00,de,1
https://www.floxant.de/klaviertransport-viechtach,0,2,0.000000,8.00,de,1
https://www.floxant.de/umzug-parsberg,0,2,0.000000,8.00,de,1
https://www.floxant.de/blog/besseres-g%C3%BCnstigeres-angebot-floxant-pr%C3%BCfen,0,2,0.000000,8.50,de,1
https://www.floxant.de/blog/saubere-fotos-vor-wohnungsuebergabe,0,2,0.000000,8.50,de,1
https://www.floxant.de/umzug-simbach-am-inn,0,2,0.000000,8.50,de,1
https://www.floxant.de/de/signature/schluesseluebergabe,0,2,0.000000,9.00,de,1
https://www.floxant.de/entruempelung-pfeffenhausen,0,2,0.000000,9.00,de,1
https://www.floxant.de/entruempelung-zwiesel,0,2,0.000000,9.00,de,1
https://www.floxant.de/ja/halteverbotszone-muenchen,0,2,0.000000,9.00,de,1
https://www.floxant.de/klaviertransport-rosenheim,0,2,0.000000,9.00,de,1
https://www.floxant.de/seniorenumzug-feucht,0,2,0.000000,9.00,de,1
https://www.floxant.de/umzug-langquaid,0,2,0.000000,9.00,de,1
https://www.floxant.de/umzug-moetzing,0,2,0.000000,9.00,de,1
https://www.floxant.de/entruempelung-viechtach,1,2,0.500000,9.50,de,1
https://www.floxant.de/blog/entruempelung-regensburg-angebot-haushaltsaufloesung-pruefen,0,2,0.000000,9.50,de,1
https://www.floxant.de/blog/umzug-mit-endreinigung-kombinieren,0,2,0.000000,9.50,de,1
https://www.floxant.de/entruempelung-fuerstenfeldbruck,0,2,0.000000,9.50,de,1
https://www.floxant.de/entruempelung-neustadt-an-der-waldnaab,0,2,0.000000,9.50,de,1
https://www.floxant.de/ratgeber/umzug-versicherung,0,2,0.000000,9.50,de,1
https://www.floxant.de/reinigung-vohenstrauss,0,2,0.000000,9.50,de,1
https://www.floxant.de/reinigung-wolnzach,0,2,0.000000,9.50,de,1
https://www.floxant.de/blog/kurzfristige-reinigung-regensburg-24h-realistisch,0,2,0.000000,10.00,de,1
https://www.floxant.de/reinigung-eggenfelden,0,2,0.000000,10.00,de,1
https://www.floxant.de/reinigung-schierling,0,2,0.000000,10.50,de,1
https://www.floxant.de/umzug-ergoldsbach,0,2,0.000000,10.50,de,1
https://www.floxant.de/blog/reinigungsangebot-pruefen-regensburg-duesseldorf,0,2,0.000000,11.00,de,1
https://www.floxant.de/blog/umzug-regensburg-tipps,0,2,0.000000,11.00,de,1
https://www.floxant.de/reinigung-wernberg-koeblitz,0,2,0.000000,11.00,de,1
https://www.floxant.de/bueroumzug-laaber,0,2,0.000000,11.50,de,1
https://www.floxant.de/en/umzug-schierling,0,2,0.000000,11.50,en,1
https://www.floxant.de/umzug-eggenfelden,0,2,0.000000,11.50,de,1
https://www.floxant.de/entruempelung-feucht,0,2,0.000000,12.00,de,1
https://www.floxant.de/bueroumzug-landshut,0,2,0.000000,12.50,de,1
https://www.floxant.de/uk/umzug-pettendorf,0,2,0.000000,12.50,de,1
https://www.floxant.de/umzug-zeitlarn,0,2,0.000000,12.50,de,1
https://www.floxant.de/wohnungsaufloesung-mainburg,0,2,0.000000,12.50,de,1
https://www.floxant.de/entruempelung-lappersdorf,0,2,0.000000,13.00,de,1
https://www.floxant.de/seniorenumzug-augsburg,0,2,0.000000,13.00,de,1
https://www.floxant.de/entruempelung-starnberg,0,2,0.000000,14.00,de,1
https://www.floxant.de/umzug-osterhofen,0,2,0.000000,14.00,de,1
https://www.floxant.de/it/blog/entrumpelung-kosten-bayern,0,2,0.000000,15.00,de,1
https://www.floxant.de/entruempelung-deggendorf,0,2,0.000000,16.50,de,1
https://www.floxant.de/bueroumzug-bayern,0,2,0.000000,17.50,de,1
https://www.floxant.de/entruempelung-mintraching,0,2,0.000000,19.00,de,1
https://www.floxant.de/familienumzug-bayern,0,2,0.000000,21.50,de,1
https://www.floxant.de/de/umzug-erding,0,2,0.000000,23.00,de,1
https://www.floxant.de/entruempelung-geiselhoering,0,2,0.000000,23.50,de,1
https://www.floxant.de/entruempelung-aufhausen,0,2,0.000000,25.50,de,1
https://www.floxant.de/blog/umzug-kosten-regensburg,0,2,0.000000,27.50,de,1
https://www.floxant.de/human-api,0,2,0.000000,37.00,de,1
https://www.floxant.de/ro/umzug-roth,0,2,0.000000,40.50,de,1
https://www.floxant.de/de/entsorgung-kosten-rechner,0,2,0.000000,46.00,de,1
https://www.floxant.de/ar/ratgeber/umzug-kosten-regensburg,0,2,0.000000,48.50,de,1
https://www.floxant.de/es/blog/wohnungsaufloesung-was-tun,0,2,0.000000,48.50,de,1
https://www.floxant.de/seniorenumzug-muenchen,0,2,0.000000,50.50,de,1
https://www.floxant.de/en/umzug-erlangen,0,2,0.000000,65.50,en,1
https://www.floxant.de/seniorenumzug-kelheim,0,2,0.000000,65.50,de,1
https://www.floxant.de/es/entruempelung-kosten-regensburg,0,2,0.000000,66.50,de,1
https://www.floxant.de/entruempelung-weilheim-in-oberbayern,0,2,0.000000,70.00,de,1
https://www.floxant.de/blog/guenstiger-umzug-angebot-preiswert-pruefen,0,2,0.000000,73.50,de,1
https://www.floxant.de/bg/ratgeber/umzug-im-winter,0,1,0.000000,1.00,de,1
https://www.floxant.de/blog/umzugsangebot-muenchen-pr%C3%BCfen-festpreis-g%C3%BCnstiger,0,1,0.000000,1.00,de,1
https://www.floxant.de/buchung-ablauf,0,1,0.000000,1.00,de,1
https://www.floxant.de/bueroumzug-bamberg,0,1,0.000000,1.00,de,1
https://www.floxant.de/entruempelung-brennberg,0,1,0.000000,1.00,de,1
https://www.floxant.de/entruempelung-roding,0,1,0.000000,1.00,de,1
https://www.floxant.de/entruempelung-suenching,0,1,0.000000,1.00,de,1
https://www.floxant.de/erinnerungskapsel,0,1,0.000000,1.00,de,1
https://www.floxant.de/es/fernumzug,0,1,0.000000,1.00,de,1
https://www.floxant.de/fr/umzug-freising,0,1,0.000000,1.00,de,1
https://www.floxant.de/fr/umzug-schwandorf,0,1,0.000000,1.00,de,1
https://www.floxant.de/it/reinigung,0,1,0.000000,1.00,de,1
https://www.floxant.de/klaviertransport-weiden,0,1,0.000000,1.00,de,1
https://www.floxant.de/umzug-landkreis-regensburg,0,1,0.000000,1.00,de,1
https://www.floxant.de/umzug-nuernberg-ziegelstein,0,1,0.000000,1.00,de,1
https://www.floxant.de/wohnungsaufloesung-neufahrn-in-niederbayern,0,1,0.000000,1.00,de,1
https://www.floxant.de/klaviertransport-nittendorf,1,1,1.000000,2.00,de,1
https://www.floxant.de/beiladung-regensburg,0,1,0.000000,2.00,de,1
https://www.floxant.de/blog/firmenentsorgung-buero-inventar-regensburg,0,1,0.000000,2.00,de,1
https://www.floxant.de/blog/reinigungsunternehmen-duesseldorf-anbieter-vergleichen,0,1,0.000000,2.00,de,1
https://www.floxant.de/blog/welcher-floxant-service-passt,0,1,0.000000,2.00,de,1
https://www.floxant.de/en/notfall-umzug-bayern,0,1,0.000000,2.00,en,1
https://www.floxant.de/fa/buero-umzug,0,1,0.000000,2.00,de,1
https://www.floxant.de/klaviertransport-donaustauf,0,1,0.000000,2.00,de,1
https://www.floxant.de/klaviertransport-wiesent,0,1,0.000000,2.00,de,1
https://www.floxant.de/reinigung-eschenbach-in-der-oberpfalz,0,1,0.000000,2.00,de,1
https://www.floxant.de/reinigung-kaufbeuren,0,1,0.000000,2.00,de,1
https://www.floxant.de/ru/fernumzug,0,1,0.000000,2.00,de,1
https://www.floxant.de/ru/umzug-schweinfurt,0,1,0.000000,2.00,de,1
https://www.floxant.de/umzug-mit-reinigung,0,1,0.000000,2.00,de,1
https://www.floxant.de/reinigung-hohenfels,1,1,1.000000,3.00,de,1
https://www.floxant.de/ar/24h-umzug-bayern,0,1,0.000000,3.00,de,1
https://www.floxant.de/blog/besseres-guenstigeres-angebot-floxant-pruefen,0,1,0.000000,3.00,de,1
https://www.floxant.de/blog/versteckter-schmutz-vor-%C3%BCbergabe,0,1,0.000000,3.00,de,1
https://www.floxant.de/en/signature/vielleicht-box,0,1,0.000000,3.00,en,1
https://www.floxant.de/entruempelung-bayern,0,1,0.000000,3.00,de,1
https://www.floxant.de/entruempelung-neufahrn-in-niederbayern,0,1,0.000000,3.00,de,1
https://www.floxant.de/reinigung-erding,0,1,0.000000,3.00,de,1
https://www.floxant.de/seniorenumzug-beilngries,0,1,0.000000,3.00,de,1
https://www.floxant.de/studentenumzug-brennberg,0,1,0.000000,3.00,de,1
https://www.floxant.de/umzug-memmingen,0,1,0.000000,3.00,de,1
https://www.floxant.de/blog/reinigung-checkliste-uebergabe,0,1,0.000000,4.00,de,1
https://www.floxant.de/blog/umzug-reinigung-entruempelung-angebot-besser-planen,0,1,0.000000,4.00,de,1
https://www.floxant.de/blog/warum-scham-reinigung-verzoegert,0,1,0.000000,4.00,de,1
https://www.floxant.de/blog/wohnung-uebergabebereit-machen,0,1,0.000000,4.00,de,1
https://www.floxant.de/datenschutz,0,1,0.000000,4.00,de,1
https://www.floxant.de/fa/signature/damen-team,0,1,0.000000,4.00,de,1
https://www.floxant.de/klaviertransport-gersthofen,0,1,0.000000,4.00,de,1
https://www.floxant.de/klaviertransport-kaufbeuren,0,1,0.000000,4.00,de,1
https://www.floxant.de/klaviertransport-roth,0,1,0.000000,4.00,de,1
https://www.floxant.de/klaviertransport-wernberg-koeblitz,0,1,0.000000,4.00,de,1
https://www.floxant.de/ratgeber/entruempelung-kosten-pro-m3,0,1,0.000000,4.00,de,1
https://www.floxant.de/reinigung-friedberg,0,1,0.000000,4.00,de,1
https://www.floxant.de/reinigung-zirndorf,0,1,0.000000,4.00,de,1
https://www.floxant.de/ru/umzug-wenzenbach,0,1,0.000000,4.00,de,1
https://www.floxant.de/seniorenumzug-kallmuenz,0,1,0.000000,4.00,de,1
https://www.floxant.de/umzug-starnberg,0,1,0.000000,4.00,de,1
https://www.floxant.de/wohnungsaufloesung-neunburg-vorm-wald,0,1,0.000000,4.00,de,1
https://www.floxant.de/ar/service-area-bayern,0,1,0.000000,5.00,de,1
https://www.floxant.de/ar/umzug-koefering,0,1,0.000000,5.00,de,1
https://www.floxant.de/blog/kleine-restaufgaben-mental-gross,0,1,0.000000,5.00,de,1
https://www.floxant.de/de/klaviertransport-weiden,0,1,0.000000,5.00,de,1
https://www.floxant.de/en/bueroumzug-landshut,0,1,0.000000,5.00,en,1
https://www.floxant.de/entruempelung-kallmuenz,0,1,0.000000,5.00,de,1
https://www.floxant.de/entruempelung-vilseck,0,1,0.000000,5.00,de,1
https://www.floxant.de/entruempelung-windischeschenbach,0,1,0.000000,5.00,de,1
https://www.floxant.de/reinigung-bad-toelz,0,1,0.000000,5.00,de,1
https://www.floxant.de/reinigung-painten,0,1,0.000000,5.00,de,1
https://www.floxant.de/reinigung-tirschenreuth,0,1,0.000000,5.00,de,1
https://www.floxant.de/umzug-abensberg,0,1,0.000000,5.00,de,1
https://www.floxant.de/umzug-lauf-an-der-pegnitz,0,1,0.000000,5.00,de,1
https://www.floxant.de/umzug-saal-an-der-donau,0,1,0.000000,5.00,de,1
https://www.floxant.de/umzug-waldmuenchen,0,1,0.000000,5.00,de,1
https://www.floxant.de/vi/ratgeber/entruempelung-kosten-pro-m3,0,1,0.000000,5.00,de,1
https://www.floxant.de/wissen/umzug-kaufbeuren-checkliste,0,1,0.000000,5.00,de,1
https://www.floxant.de/wohnungsaufloesung-nabburg,0,1,0.000000,5.00,de,1
https://www.floxant.de/wohnungsaufloesung-tegernheim,0,1,0.000000,5.00,de,1
https://www.floxant.de/reinigung-pfeffenhausen,1,1,1.000000,6.00,de,1
https://www.floxant.de/blog/notfallreinigung-ohne-falsche-versprechen,0,1,0.000000,6.00,de,1
https://www.floxant.de/blog/wohnung-wieder-bewohnbar-bekommen,0,1,0.000000,6.00,de,1
https://www.floxant.de/klaviertransport-cham,0,1,0.000000,6.00,de,1
https://www.floxant.de/klaviertransport-suenching,0,1,0.000000,6.00,de,1
https://www.floxant.de/klaviertransport-vohburg,0,1,0.000000,6.00,de,1
https://www.floxant.de/pl/umzug-sulzbach-rosenberg,0,1,0.000000,6.00,de,1
https://www.floxant.de/reinigung-kallmuenz,0,1,0.000000,6.00,de,1
https://www.floxant.de/reinigung-thalmassing,0,1,0.000000,6.00,de,1
https://www.floxant.de/ru/halteverbotszone,0,1,0.000000,6.00,de,1
https://www.floxant.de/ru/ratgeber/umzug-kosten-regensburg,0,1,0.000000,6.00,de,1
https://www.floxant.de/seniorenumzug-riekofen,0,1,0.000000,6.00,de,1
https://www.floxant.de/studentenumzug-neufahrn-in-niederbayern,0,1,0.000000,6.00,de,1
https://www.floxant.de/uk/umzug-feucht,0,1,0.000000,6.00,de,1
https://www.floxant.de/umzug-dietfurt,0,1,0.000000,6.00,de,1
https://www.floxant.de/umzug-weiden,0,1,0.000000,6.00,de,1
https://www.floxant.de/vi/umzug-augsburg,0,1,0.000000,6.00,de,1
https://www.floxant.de/wohnungsaufloesung-tirschenreuth,0,1,0.000000,6.00,de,1
https://www.floxant.de/blog/beiladung-bayern-wann-lohnt-es-sich,0,1,0.000000,7.00,de,1
https://www.floxant.de/blog/kueche-bad-gruendlich-pruefen-ohne-ueberforderung,0,1,0.000000,7.00,de,1
https://www.floxant.de/en/signature/lager-rotation,0,1,0.000000,7.00,en,1
https://www.floxant.de/entruempelung-wolfsegg,0,1,0.000000,7.00,de,1
https://www.floxant.de/it/umzug-schwandorf,0,1,0.000000,7.00,de,1
https://www.floxant.de/ja/kleintransporte,0,1,0.000000,7.00,de,1
https://www.floxant.de/klaviertransport-erding,0,1,0.000000,7.00,de,1
https://www.floxant.de/notfallreinigung-24h,0,1,0.000000,7.00,de,1
https://www.floxant.de/pl/umzug-amberg,0,1,0.000000,7.00,de,1
https://www.floxant.de/reinigung-bernhardswald,0,1,0.000000,7.00,de,1
https://www.floxant.de/reinigung-koefering,0,1,0.000000,7.00,de,1
https://www.floxant.de/reinigung-schwarzenfeld,0,1,0.000000,7.00,de,1
https://www.floxant.de/seniorenumzug-aufhausen,0,1,0.000000,7.00,de,1
https://www.floxant.de/studentenumzug-bad-koetzting,0,1,0.000000,7.00,de,1
https://www.floxant.de/umzug-auerbach-in-der-oberpfalz,0,1,0.000000,7.00,de,1
https://www.floxant.de/umzug-garmisch-partenkirchen,0,1,0.000000,7.00,de,1
https://www.floxant.de/umzug-hausen,0,1,0.000000,7.00,de,1
https://www.floxant.de/umzug-hirschau,0,1,0.000000,7.00,de,1
https://www.floxant.de/umzug-landsberg-am-lech,0,1,0.000000,7.00,de,1
https://www.floxant.de/umzug-pfarrkirchen,0,1,0.000000,7.00,de,1
https://www.floxant.de/umzug-wolfsegg,0,1,0.000000,7.00,de,1
https://www.floxant.de/wohnungsaufloesung-forchheim,0,1,0.000000,7.00,de,1
https://www.floxant.de/wohnungsaufloesung-sulzbach-rosenberg,0,1,0.000000,7.00,de,1
https://www.floxant.de/ar/umzug-ingolstadt,0,1,0.000000,8.00,de,1
https://www.floxant.de/beiladung,0,1,0.000000,8.00,de,1
https://www.floxant.de/bueroumzug-regenstauf,0,1,0.000000,8.00,de,1
https://www.floxant.de/en/umzug-amberg,0,1,0.000000,8.00,en,1
https://www.floxant.de/entruempelung-eschenbach-in-der-oberpfalz,0,1,0.000000,8.00,de,1
https://www.floxant.de/entruempelung-neunburg-vorm-wald,0,1,0.000000,8.00,de,1
https://www.floxant.de/entruempelung-zirndorf,0,1,0.000000,8.00,de,1
https://www.floxant.de/klaviertransport-schwabach,0,1,0.000000,8.00,de,1
https://www.floxant.de/klaviertransport-vilsbiburg,0,1,0.000000,8.00,de,1
https://www.floxant.de/pl/reinigung-amberg,0,1,0.000000,8.00,de,1
https://www.floxant.de/ro/entruempelung-nuernberg,0,1,0.000000,8.00,de,1
https://www.floxant.de/seniorenumzug-barbing,0,1,0.000000,8.00,de,1
https://www.floxant.de/seniorenumzug-grafenau,0,1,0.000000,8.00,de,1
https://www.floxant.de/umzug-schnaittenbach,0,1,0.000000,8.00,de,1
https://www.floxant.de/umzug-teublitz,0,1,0.000000,8.00,de,1
https://www.floxant.de/umzug-woerth-an-der-donau,0,1,0.000000,8.00,de,1
https://www.floxant.de/blog/google-unternehmensprofil-buchungslink-regensburg,0,1,0.000000,9.00,de,1
https://www.floxant.de/blog/praxisreinigung-duesseldorf-angebot-pruefen,0,1,0.000000,9.00,de,1
https://www.floxant.de/blog/signatur-services-floxant-bayern,0,1,0.000000,9.00,de,1
https://www.floxant.de/bueroumzug-parsberg,0,1,0.000000,9.00,de,1
https://www.floxant.de/bueroumzug-wiesent,0,1,0.000000,9.00,de,1
https://www.floxant.de/de/wissen/halteverbotszone-amberg,0,1,0.000000,9.00,de,1
https://www.floxant.de/entruempelung-landsberg-am-lech,0,1,0.000000,9.00,de,1
https://www.floxant.de/entruempelung-langquaid,0,1,0.000000,9.00,de,1
https://www.floxant.de/it/reinigung-augsburg,0,1,0.000000,9.00,de,1
https://www.floxant.de/klaviertransport-oberviechtach,0,1,0.000000,9.00,de,1
https://www.floxant.de/klaviertransport-pocking,0,1,0.000000,9.00,de,1
https://www.floxant.de/reinigung-landau-an-der-isar,0,1,0.000000,9.00,de,1
https://www.floxant.de/reinigung-suenching,0,1,0.000000,9.00,de,1
https://www.floxant.de/ru/ratgeber/reinigung-nach-umzug,0,1,0.000000,9.00,de,1
https://www.floxant.de/umzug-bad-abbach,0,1,0.000000,9.00,de,1
https://www.floxant.de/umzug-eichstaett,0,1,0.000000,9.00,de,1
https://www.floxant.de/ar,0,1,0.000000,10.00,de,1
https://www.floxant.de/blog/gewerbeflaechen-vor-wochenstart-vorbereiten,0,1,0.000000,10.00,de,1
https://www.floxant.de/blog/google-maps-buchungslink-regensburg,0,1,0.000000,10.00,de,1
https://www.floxant.de/bueroumzug-koenigsbrunn,0,1,0.000000,10.00,de,1
https://www.floxant.de/bueroumzug-neufahrn-in-niederbayern,0,1,0.000000,10.00,de,1
https://www.floxant.de/en/signature/first-48h,0,1,0.000000,10.00,en,1
https://www.floxant.de/entruempelung-moosburg,0,1,0.000000,10.00,de,1
https://www.floxant.de/entruempelung-oberviechtach,0,1,0.000000,10.00,de,1
https://www.floxant.de/entruempelung-thalmassing,0,1,0.000000,10.00,de,1
https://www.floxant.de/es/blog/umzug-checkliste,0,1,0.000000,10.00,de,1
https://www.floxant.de/klaviertransport-sulzbach-rosenberg,0,1,0.000000,10.00,de,1
https://www.floxant.de/leistungen-vergleichen,0,1,0.000000,10.00,de,1
https://www.floxant.de/reinigung-hausen,0,1,0.000000,10.00,de,1
https://www.floxant.de/seniorenumzug-freyung,0,1,0.000000,10.00,de,1
https://www.floxant.de/umzug-amberg,0,1,0.000000,10.00,de,1
https://www.floxant.de/umzug-furth-im-wald,0,1,0.000000,10.00,de,1
https://www.floxant.de/umzug-muenchen-maxvorstadt,0,1,0.000000,10.00,de,1
https://www.floxant.de/umzug-viechtach,0,1,0.000000,10.00,de,1
https://www.floxant.de/umzug-wenzenbach,0,1,0.000000,10.00,de,1
https://www.floxant.de/wissen/halteverbotszone-fuerth,0,1,0.000000,10.00,de,1
https://www.floxant.de/ar/umzug-brennberg,0,1,0.000000,11.00,de,1
https://www.floxant.de/ar/umzug-landshut,0,1,0.000000,11.00,de,1
https://www.floxant.de/blog/b%C3%BCro-praxisreinigung-d%C3%BCsseldorf-angebot,0,1,0.000000,11.00,de,1
https://www.floxant.de/blog/berufsumzug-wenig-zeit,0,1,0.000000,11.00,de,1
https://www.floxant.de/blog/haushaltsaufloesung-regensburg-container-mieten-alternative,0,1,0.000000,11.00,de,1
https://www.floxant.de/bueroumzug-ergoldsbach,0,1,0.000000,11.00,de,1
https://www.floxant.de/bueroumzug-neunburg-vorm-wald,0,1,0.000000,11.00,de,1
https://www.floxant.de/bueroumzug-tegernheim,0,1,0.000000,11.00,de,1
https://www.floxant.de/bueroumzug-waldkirchen,0,1,0.000000,11.00,de,1
https://www.floxant.de/entruempelung-sinzing,0,1,0.000000,11.00,de,1
https://www.floxant.de/ja/ratgeber/umzug-erste-wohnung,0,1,0.000000,11.00,de,1
https://www.floxant.de/klaviertransport-altenthann,0,1,0.000000,11.00,de,1
https://www.floxant.de/pl/umzug-feucht,0,1,0.000000,11.00,de,1
https://www.floxant.de/reinigung-berching,0,1,0.000000,11.00,de,1
https://www.floxant.de/reinigung-freystadt,0,1,0.000000,11.00,de,1
https://www.floxant.de/reinigung-lauf-an-der-pegnitz,0,1,0.000000,11.00,de,1
https://www.floxant.de/ru/wissen/halteverbotszone-duesseldorf,0,1,0.000000,11.00,de,1
https://www.floxant.de/umzug-altdorf-bei-nuernberg,0,1,0.000000,11.00,de,1
https://www.floxant.de/umzug-bayern,0,1,0.000000,11.00,de,1
https://www.floxant.de/umzug-kaufbeuren,0,1,0.000000,11.00,de,1
https://www.floxant.de/blog/haeufige-gruende-fuer-kautionsabzuege,0,1,0.000000,12.00,de,1
https://www.floxant.de/entruempelung-bad-abbach,0,1,0.000000,12.00,de,1
https://www.floxant.de/entruempelung-regenstauf,0,1,0.000000,12.00,de,1
https://www.floxant.de/entruempelung-vohburg,0,1,0.000000,12.00,de,1
https://www.floxant.de/es/blog/umzug-tipps-bayern,0,1,0.000000,12.00,de,1
https://www.floxant.de/fa/umzug-oberasbach,0,1,0.000000,12.00,de,1
https://www.floxant.de/reinigung-hirschau,0,1,0.000000,12.00,de,1
https://www.floxant.de/reinigung-zwiesel,0,1,0.000000,12.00,de,1
https://www.floxant.de/umzug-neumarkt,0,1,0.000000,12.00,de,1
https://www.floxant.de/blog/google-maps-regensburg-direkt-anfragen,0,1,0.000000,13.00,de,1
https://www.floxant.de/bueroumzug-burglengenfeld,0,1,0.000000,13.00,de,1
https://www.floxant.de/bueroumzug-teublitz,0,1,0.000000,13.00,de,1
https://www.floxant.de/de/wissen/halteverbotszone-f%C3%BCrth,0,1,0.000000,13.00,de,1
https://www.floxant.de/entruempelung-beratzhausen,0,1,0.000000,13.00,de,1
https://www.floxant.de/entruempelung-simbach-am-inn,0,1,0.000000,13.00,de,1
https://www.floxant.de/notfall-umzug-bayern,0,1,0.000000,13.00,de,1
https://www.floxant.de/pl/ratgeber/moebeltransport-sicher,0,1,0.000000,13.00,de,1
https://www.floxant.de/reinigung-geisenfeld,0,1,0.000000,13.00,de,1
https://www.floxant.de/reinigung-maxhuette-haidhof,0,1,0.000000,13.00,de,1
https://www.floxant.de/ro/klaviertransport-regensburg,0,1,0.000000,13.00,de,1
https://www.floxant.de/seniorenumzug-langquaid,0,1,0.000000,13.00,de,1
https://www.floxant.de/umzug-hemau,0,1,0.000000,13.00,de,1
https://www.floxant.de/umzug-vohburg,0,1,0.000000,13.00,de,1
https://www.floxant.de/entruempelung-nabburg,0,1,0.000000,14.00,de,1
https://www.floxant.de/fa/umzug-feucht,0,1,0.000000,14.00,de,1
https://www.floxant.de/regensburg/solarreinigung,0,1,0.000000,14.00,de,1
https://www.floxant.de/reinigung-mammendorf,0,1,0.000000,14.00,de,1
https://www.floxant.de/reinigung-neunburg-vorm-wald,0,1,0.000000,14.00,de,1
https://www.floxant.de/seniorenumzug-wolfsegg,0,1,0.000000,14.00,de,1
https://www.floxant.de/entruempelung-eichstaett,0,1,0.000000,16.00,de,1
https://www.floxant.de/praxisreinigung-regensburg,0,1,0.000000,16.00,de,1
https://www.floxant.de/reinigung-neu-ulm,0,1,0.000000,16.00,de,1
https://www.floxant.de/seniorenumzug-regen,0,1,0.000000,16.00,de,1
https://www.floxant.de/en/klaviertransport-nuernberg,0,1,0.000000,17.00,en,1
https://www.floxant.de/reinigung-waldmuenchen,0,1,0.000000,17.00,de,1
https://www.floxant.de/umzug-pocking,0,1,0.000000,17.00,de,1
https://www.floxant.de/blog/buero-praxisreinigung-duesseldorf-angebot,0,1,0.000000,21.00,de,1
https://www.floxant.de/bg/seniorenumzug-nuernberg,0,1,0.000000,22.00,de,1
https://www.floxant.de/bg/kleintransporte,0,1,0.000000,24.00,de,1
https://www.floxant.de/ar/entruempelung-erlangen,0,1,0.000000,27.00,de,1
https://www.floxant.de/bueroumzug-roth,0,1,0.000000,27.00,de,1
https://www.floxant.de/de/umzug-zirndorf,0,1,0.000000,27.00,de,1
https://www.floxant.de/pl/ratgeber/wann-lohnt-sich-umzugsfirma,0,1,0.000000,29.00,de,1
https://www.floxant.de/seniorenumzug-thalmassing,0,1,0.000000,29.00,de,1
https://www.floxant.de/ro/seniorenumzug-muenchen,0,1,0.000000,30.00,de,1
https://www.floxant.de/zh/umzug-erlangen,0,1,0.000000,31.00,de,1
https://www.floxant.de/ro/entruempelung-erlangen,0,1,0.000000,32.00,de,1
https://www.floxant.de/seniorenumzug-velburg,0,1,0.000000,32.00,de,1
https://www.floxant.de/uk/reinigung,0,1,0.000000,34.00,de,1
https://www.floxant.de/tr/klaviertransport-muenchen,0,1,0.000000,35.00,de,1
https://www.floxant.de/ro/reinigung-landshut,0,1,0.000000,37.00,de,1
https://www.floxant.de/entruempelung-moetzing,0,1,0.000000,42.00,de,1
https://www.floxant.de/entruempelung-germering,0,1,0.000000,43.00,de,1
https://www.floxant.de/fr/ratgeber/reinigung-nach-umzug,0,1,0.000000,44.00,de,1
https://www.floxant.de/entruempelung-mainburg,0,1,0.000000,47.00,de,1
https://www.floxant.de/ar/reinigung-muenchen,0,1,0.000000,48.00,de,1
https://www.floxant.de/pl/entruempelung-muenchen,0,1,0.000000,48.00,de,1
https://www.floxant.de/wohnungsaufloesung-amberg,0,1,0.000000,52.00,de,1
https://www.floxant.de/ru/umzug-nuernberg,0,1,0.000000,53.00,de,1
https://www.floxant.de/bg/entruempelung-kosten-regensburg,0,1,0.000000,68.00,de,1
https://www.floxant.de/de/ratgeber/gute-umzugsfirma-finden,0,1,0.000000,71.00,de,1
https://www.floxant.de/it/entruempelung-landshut,0,1,0.000000,73.00,de,1
https://www.floxant.de/entruempelung-rosenheim,0,1,0.000000,83.00,de,1
https://www.floxant.de/vi/reinigung-muenchen,0,1,0.000000,83.00,de,1
https://www.floxant.de/fa/ratgeber/checkliste-umzug,0,1,0.000000,87.00,de,1
https://www.floxant.de/pl/reinigung-muenchen,0,1,0.000000,88.00,de,1
https://www.floxant.de/fa/ratgeber/moebeltransport-sicher,0,1,0.000000,96.00,de,1
https://www.floxant.de/seniorenumzug-viechtach,0,1,0.000000,99.00,de,1
https://www.floxant.de/klaviertransport-mainburg,0,1,0.000000,100.00,de,1
