"route","locale","inboundLinks","clickDepth","exists","orphan","wrongLanguageLinks","issues"
"/","de","1568","0","true","false","33","CROSS_LOCALE_INBOUND"
"/umzug","de","803","2","true","false","0",""
"/bueroumzug","de","210","3","true","false","0",""
"/firmenentsorgung","de","189","2","true","false","0",""
"/diskret-service","de","35","1","true","false","1","CROSS_LOCALE_INBOUND"
"/private-client-service","de","16","2","true","false","0",""
"/reinigung","de","1522","1","true","false","0",""
"/notfallreinigung-24h","de","2","","true","false","0","UNREACHABLE_FROM_HOME"
"/entruempelung","de","416","2","true","false","0",""
"/kleintransporte","de","18","3","true","false","0",""
"/solarreinigung","de","26","2","true","false","0",""
"/pv-anlagen-reinigung","de","21","2","true","false","0",""
"/regensburg/reinigung","de","1530","1","true","false","7","CROSS_LOCALE_INBOUND"
"/regensburg/solarreinigung","de","8","2","true","false","0",""
"/kellerentruempelung","de","8","2","true","false","0",""
"/nachlassaufloesung","de","9","2","true","false","0",""
"/lageraufloesung","de","8","2","true","false","0",""
"/mini-umzug","de","6","2","true","false","0",""
"/express-umzug","de","6","2","true","false","0",""
"/moebeltransport","de","6","2","true","false","0",""
"/fairpreis-check","de","38","2","true","false","0",""
"/uebergabe-sprint","de","24","2","true","false","0",""
"/vermieter-ready-service","de","6","2","true","false","0",""
"/rueckfahrt-radar","de","2","2","true","false","0",""
"/region-regensburg","de","10","2","true","false","0",""
"/angebot-pruefen","de","6","2","true","false","2","CROSS_LOCALE_INBOUND"
"/regensburg/reinigungsfirma","de","13","2","true","false","0",""
"/angebot-vergleichen-regensburg","de","49","2","true","false","1","CROSS_LOCALE_INBOUND"
"/regensburg/umzugsservice","de","6","2","true","false","0",""
"/regensburg/umzug-kosten","de","7","2","true","false","1","CROSS_LOCALE_INBOUND"
"/regensburg/seniorenumzug","de","10","2","true","false","0",""
"/regensburg/reinigung-nach-umzug","de","6","2","true","false","1","CROSS_LOCALE_INBOUND"
"/regensburg/angebot-vergleichen","de","25","2","true","false","8","CROSS_LOCALE_INBOUND"
"/en/regensburg/cleaning","en","33","1","true","false","0",""
"/en/regensburg/office-cleaning","en","8","1","true","false","0",""
"/en/regensburg/apartment-cleaning","en","7","1","true","false","0",""
"/en/regensburg/deep-cleaning","en","8","1","true","false","0",""
"/en/regensburg/move-out-cleaning","en","2","1","true","false","0",""
"/en/regensburg/stairwell-cleaning","en","8","1","true","false","0",""
"/en/regensburg/cleaning-quote-review","en","9","1","true","false","1","CROSS_LOCALE_INBOUND"
"/en/regensburg/moving","en","33","1","true","false","0",""
"/en/regensburg/moving-company","en","7","1","true","false","0",""
"/en/regensburg/moving-costs","en","8","1","true","false","1","CROSS_LOCALE_INBOUND"
"/en/regensburg/house-clearance","en","33","1","true","false","0",""
"/en/regensburg/cleaning-after-moving","en","10","1","true","false","1","CROSS_LOCALE_INBOUND"
"/en/regensburg/apartment-clearance","en","8","1","true","false","0",""
"/en/regensburg/moving-quote-review","en","8","1","true","false","0",""
"/en/duesseldorf/cleaning","en","9","1","true","false","0",""
"/en/duesseldorf/office-cleaning","en","9","1","true","false","0",""
"/en/duesseldorf/commercial-cleaning","en","7","1","true","false","0",""
"/en/duesseldorf/practice-cleaning","en","8","1","true","false","0",""
"/en/duesseldorf/window-cleaning","en","7","1","true","false","0",""
"/en/duesseldorf/cleaning-quote-review","en","8","1","true","false","0",""
"/umzug-bayern","de","37","3","true","false","0",""
"/umzug-landkreis-regensburg","de","4","3","true","false","0",""
"/bueroumzug-regensburg","de","18","2","true","false","0",""
"/seniorenumzug-landshut","de","1","2","true","false","0",""
"/reinigung-straubing","de","8","3","true","false","0",""
"/bueroumzug-bayern","de","13","3","true","false","0",""
"/entruempelung-bayern","de","18","3","true","false","0",""
"/entruempelung-kosten-regensburg","de","351","3","true","false","0",""
"/klaviertransport-regensburg","de","19","2","true","false","0",""
"/reinigung-abensberg","de","6","","true","false","0","UNREACHABLE_FROM_HOME"
"/reinigung-alteglofsheim","de","6","","true","false","0","UNREACHABLE_FROM_HOME"
"/reinigung-altenthann","de","6","","true","false","0","UNREACHABLE_FROM_HOME"
"/reinigung-aufhausen","de","6","","true","false","0","UNREACHABLE_FROM_HOME"
"/reinigung-bad-abbach","de","6","","true","false","0","UNREACHABLE_FROM_HOME"
"/reinigung-barbing","de","6","","true","false","0","UNREACHABLE_FROM_HOME"
"/reinigung-beratzhausen","de","6","","true","false","0","UNREACHABLE_FROM_HOME"
"/reinigung-bernhardswald","de","6","","true","false","0","UNREACHABLE_FROM_HOME"
"/reinigung-brennberg","de","6","","true","false","0","UNREACHABLE_FROM_HOME"
"/reinigung-brunn","de","6","","true","false","0","UNREACHABLE_FROM_HOME"
"/reinigung-burglengenfeld","de","6","","true","false","0","UNREACHABLE_FROM_HOME"
"/reinigung-deuerling","de","6","","true","false","0","UNREACHABLE_FROM_HOME"
"/reinigung-donaustauf","de","6","","true","false","0","UNREACHABLE_FROM_HOME"
"/reinigung-duggendorf","de","6","","true","false","0","UNREACHABLE_FROM_HOME"
"/reinigung-geiselhoering","de","6","","true","false","0","UNREACHABLE_FROM_HOME"
"/reinigung-hagelstadt","de","6","","true","false","0","UNREACHABLE_FROM_HOME"
"/reinigung-hausen","de","6","","true","false","0","UNREACHABLE_FROM_HOME"
"/reinigung-hemau","de","6","","true","false","0","UNREACHABLE_FROM_HOME"
"/reinigung-holzheim-am-forst","de","6","","true","false","0","UNREACHABLE_FROM_HOME"
"/reinigung-kallmuenz","de","6","","true","false","0","UNREACHABLE_FROM_HOME"
"/reinigung-kelheim","de","7","3","true","false","0",""
"/reinigung-koefering","de","6","","true","false","0","UNREACHABLE_FROM_HOME"
"/reinigung-laaber","de","6","","true","false","0","UNREACHABLE_FROM_HOME"
"/reinigung-langquaid","de","6","","true","false","0","UNREACHABLE_FROM_HOME"
"/reinigung-lappersdorf","de","7","3","true","false","0",""
"/reinigung-mainburg","de","6","","true","false","0","UNREACHABLE_FROM_HOME"
"/reinigung-mallersdorf-pfaffenberg","de","6","","true","false","0","UNREACHABLE_FROM_HOME"
"/reinigung-maxhuette-haidhof","de","6","","true","false","0","UNREACHABLE_FROM_HOME"
"/reinigung-mintraching","de","6","","true","false","0","UNREACHABLE_FROM_HOME"
"/reinigung-moetzing","de","6","","true","false","0","UNREACHABLE_FROM_HOME"
"/reinigung-neutraubling","de","7","3","true","false","0",""
"/reinigung-nittenau","de","6","","true","false","0","UNREACHABLE_FROM_HOME"
"/reinigung-nittendorf","de","6","","true","false","0","UNREACHABLE_FROM_HOME"
"/reinigung-obertraubling","de","7","3","true","false","0",""
"/reinigung-painten","de","6","","true","false","0","UNREACHABLE_FROM_HOME"
"/reinigung-pentling","de","6","","true","false","0","UNREACHABLE_FROM_HOME"
"/reinigung-pettendorf","de","6","","true","false","0","UNREACHABLE_FROM_HOME"
"/reinigung-pfatter","de","6","","true","false","0","UNREACHABLE_FROM_HOME"
"/reinigung-pielenhofen","de","6","","true","false","0","UNREACHABLE_FROM_HOME"
"/reinigung-regenstauf","de","7","3","true","false","0",""
"/reinigung-riedenburg","de","6","","true","false","0","UNREACHABLE_FROM_HOME"
"/reinigung-riekofen","de","6","","true","false","0","UNREACHABLE_FROM_HOME"
"/reinigung-roding","de","6","","true","false","0","UNREACHABLE_FROM_HOME"
"/reinigung-saal-an-der-donau","de","6","","true","false","0","UNREACHABLE_FROM_HOME"
"/reinigung-schierling","de","6","","true","false","0","UNREACHABLE_FROM_HOME"
"/reinigung-schwandorf","de","9","","true","false","0","UNREACHABLE_FROM_HOME"
"/reinigung-sinzing","de","6","","true","false","0","UNREACHABLE_FROM_HOME"
"/reinigung-suenching","de","6","","true","false","0","UNREACHABLE_FROM_HOME"
"/reinigung-tegernheim","de","6","","true","false","0","UNREACHABLE_FROM_HOME"
"/reinigung-teublitz","de","6","","true","false","0","UNREACHABLE_FROM_HOME"
"/reinigung-thalmassing","de","6","","true","false","0","UNREACHABLE_FROM_HOME"
"/reinigung-wenzenbach","de","6","","true","false","0","UNREACHABLE_FROM_HOME"
"/reinigung-wiesent","de","6","","true","false","0","UNREACHABLE_FROM_HOME"
"/reinigung-woerth-an-der-donau","de","6","","true","false","0","UNREACHABLE_FROM_HOME"
"/reinigung-wolfsegg","de","6","","true","false","0","UNREACHABLE_FROM_HOME"
"/reinigung-zeitlarn","de","6","","true","false","0","UNREACHABLE_FROM_HOME"
"/seniorenumzug-bayern","de","1522","1","true","false","0",""
"/wohnungsaufloesung-bayern","de","338","3","true","false","0",""
"/wissen","de","0","","true","true","0","ORPHAN|UNREACHABLE_FROM_HOME"
"/leistungen","de","1522","1","true","false","0",""
"/alternativen","de","0","","true","true","0","ORPHAN|UNREACHABLE_FROM_HOME"
"/standorte","de","1152","2","true","false","0",""
"/buchung","de","1222","2","true","false","0",""
"/empfehlen","de","1134","2","true","false","0",""
"/angebotscheck","de","1532","1","true","false","1","CROSS_LOCALE_INBOUND"
"/makler-vermieter-link","de","11","2","true","false","0",""
"/mieterwechsel-service-regensburg","de","17","2","true","false","0",""
"/wohnung-wieder-vermietbar","de","14","2","true","false","0",""
"/immobilie-verkaufsbereit-machen","de","10","2","true","false","0",""
"/nachlass-raeumung-regensburg","de","14","2","true","false","0",""
"/diskreter-umzug-trennung-scheidung","de","1524","1","true","false","0",""
"/schadensbegrenzung","de","18","2","true","false","0",""
"/keller-muellraum-rettung-regensburg","de","16","2","true","false","0",""
"/rueckfahrt-boerse","de","1522","1","true","false","0",""
"/uebergabeakte","de","30","1","true","false","1","CROSS_LOCALE_INBOUND"
"/kontakt","de","1534","1","true","false","0",""
"/entsorgung-duesseldorf","de","7","2","true","false","0",""
"/duesseldorf/entsorgung","de","5","3","true","false","0",""
"/regensburg/bueroreinigung","de","109","2","true","false","1","CROSS_LOCALE_INBOUND"
"/regensburg/wohnungsaufloesung","de","24","2","true","false","1","CROSS_LOCALE_INBOUND"
"/regensburg/umzugsunternehmen","de","10","2","true","false","1","CROSS_LOCALE_INBOUND"
"/buchung-ablauf","de","0","","true","true","0","ORPHAN|UNREACHABLE_FROM_HOME"
"/leistungen-vergleichen","de","43","3","true","false","0",""
"/anbieter-vergleichen","de","45","2","true","false","1","CROSS_LOCALE_INBOUND"
"/signature-services","de","1522","1","true","false","0",""
"/spezialreinigung","de","0","","true","true","0","ORPHAN|UNREACHABLE_FROM_HOME"
"/spezialumzug","de","1","2","true","false","0",""
"/spezial-entruempelung","de","0","","true","true","0","ORPHAN|UNREACHABLE_FROM_HOME"
"/qualitaet-ablauf","de","3","3","true","false","0",""
"/praxisfaelle","de","0","","true","true","0","ORPHAN|UNREACHABLE_FROM_HOME"
"/kostenfaktoren","de","2","3","true","false","0",""
"/24h-umzug-bayern","de","2","","true","false","0","UNREACHABLE_FROM_HOME"
"/familienumzug-bayern","de","0","","true","true","0","ORPHAN|UNREACHABLE_FROM_HOME"
"/kurzfristiger-umzug-bayern","de","1","","true","false","0","UNREACHABLE_FROM_HOME"
"/notfall-umzug-bayern","de","2","","true","false","0","UNREACHABLE_FROM_HOME"
"/umzugskosten-bayern","de","2","4","true","false","0","DEPTH_GT_3"
"/leerfahrt-rueckfahrt","de","193","2","true","false","0",""
"/ratgeber","de","18","4","true","false","0","DEPTH_GT_3"
"/ratgeber/umzug-kosten-regensburg","de","1","5","true","false","0","DEPTH_GT_3"
"/ratgeber/checkliste-umzug","de","1","5","true","false","0","DEPTH_GT_3"
"/ratgeber/gute-umzugsfirma-finden","de","1","5","true","false","0","DEPTH_GT_3"
"/ratgeber/entruempelung-kosten-pro-m3","de","2","5","true","false","0","DEPTH_GT_3"
"/ratgeber/umzug-vorbereiten-7-schritte","de","1","5","true","false","0","DEPTH_GT_3"
"/ratgeber/wann-lohnt-sich-umzugsfirma","de","1","5","true","false","0","DEPTH_GT_3"
"/ratgeber/moebeltransport-sicher","de","1","5","true","false","0","DEPTH_GT_3"
"/ratgeber/umzug-tipps-familien","de","1","5","true","false","0","DEPTH_GT_3"
"/ratgeber/umzug-kosten-rechner","de","1","5","true","false","0","DEPTH_GT_3"
"/ratgeber/umzug-anmelden-ummelden","de","1","5","true","false","0","DEPTH_GT_3"
"/ratgeber/umzug-versicherung","de","1","5","true","false","0","DEPTH_GT_3"
"/ratgeber/wohnungsaufloesung-tipps","de","1","5","true","false","0","DEPTH_GT_3"
"/ratgeber/umzug-im-winter","de","1","5","true","false","0","DEPTH_GT_3"
"/ratgeber/umzug-erste-wohnung","de","1","5","true","false","0","DEPTH_GT_3"
"/blog","de","157","2","true","false","0",""
"/blog/wohnungsuebergabe-komplettpaket","de","4","3","true","false","0",""
"/blog/schluesseluebergabe-service","de","4","3","true","false","0",""
"/blog/nicht-vor-ort-paket","de","3","3","true","false","0",""
"/blog/kautionsschutz-vorbereitung","de","3","3","true","false","0",""
"/blog/uebergabe-check-vor-vermietertermin","de","2","3","true","false","0",""
"/blog/volumen-risiko-check-umzug","de","4","3","true","false","0",""
"/blog/umzug-ist-kein-transportproblem","de","1","3","true","false","0",""
"/blog/billige-umzugsangebote-risiko","de","1","3","true","false","0",""
"/blog/wohnung-uebergabebereit-machen","de","3","3","true","false","0",""
"/blog/entruempelung-vor-wohnungsuebergabe","de","1","3","true","false","0",""
"/blog/remote-move-out-service","de","2","3","true","false","0",""
"/blog/seniorenumzug-fuer-angehoerige","de","4","3","true","false","0",""
"/blog/diskreter-umzug-sensible-situationen","de","1","3","true","false","0",""
"/blog/nachlassraeumung-mit-respekt","de","3","3","true","false","0",""
"/blog/berufsumzug-wenig-zeit","de","1","3","true","false","0",""
"/blog/service-fuer-hausverwaltungen","de","2","3","true","false","0",""
"/blog/service-fuer-makler","de","1","3","true","false","0",""
"/blog/gewerbe-auszug-rueckgabevorbereitung","de","1","3","true","false","0",""
"/blog/umzug-reinigung-entruempelung-regensburg-koordinieren","de","1","3","true","false","0",""
"/blog/wohnungsuebergabe-regensburg-vorbereiten","de","5","2","true","false","0",""
"/blog/umzug-kosten-regensburg","de","6","3","true","false","0",""
"/blog/leer-rueckfahrt-regensburg-firmen-moebeltransport","de","2","3","true","false","0",""
"/blog/bueroumzug-regensburg-kostenfaktoren-checkliste","de","2","3","true","false","0",""
"/blog/firmenentsorgung-buero-inventar-regensburg","de","1","3","true","false","0",""
"/blog/entruempelung-bayern-leitfaden","de","1","3","true","false","0",""
"/blog/entrumpelung-kosten-bayern","de","2","3","true","false","0",""
"/blog/umzug-checkliste","de","4","3","true","false","0",""
"/blog/umzug-regensburg-tipps","de","1","3","true","false","0",""
"/blog/umzug-tipps-bayern","de","4","3","true","false","0",""
"/blog/wohnungsaufloesung-was-tun","de","1","3","true","false","0",""
"/blog/umzug-planen-schritt-fuer-schritt","de","153","3","true","false","0",""
"/blog/umzugskosten-senken-7-tipps","de","2","3","true","false","0",""
"/blog/wohnungsuebergabe-protokoll-guide","de","1","3","true","false","0",""
"/blog/fernumzug-bayern-nrw-tipps","de","156","3","true","false","0",""
"/blog/umzug-mit-kindern-stressfrei","de","1","3","true","false","0",""
"/blog/warum-floxant-die-beste-wahl-ist","de","1","3","true","false","0",""
"/blog/regensburg-direkt-buchen-statt-vergleichsportal","de","1","3","true","false","0",""
"/blog/google-maps-regensburg-direkt-anfragen","de","1","3","true","false","0",""
"/blog/umzugsfirma-regensburg-google-maps-vertrauen","de","1","3","true","false","0",""
"/blog/anfrage-regensburg-richtig-stellen","de","1","3","true","false","0",""
"/blog/google-unternehmensprofil-buchungslink-regensburg","de","1","3","true","false","0",""
"/blog/grosse-reinigungsauftraege-regensburg-buero-hotel-praxis","de","2","3","true","false","0",""
"/blog/lokaler-dienstleister-regensburg-vorteile","de","1","3","true","false","0",""
"/blog/umzugsunternehmen-regensburg-auswahl","de","1","3","true","false","0",""
"/blog/reinigungsfirma-regensburg-buero-praxis-auswahl","de","65","2","true","false","0",""
"/blog/unterhaltsreinigung-regensburg-buero-praxis-hotel","de","21","2","true","false","0",""
"/blog/private-client-umzug-bayern-diskret-planen","de","2","3","true","false","0",""
"/blog/family-office-umzug-bayern-diskret-abstimmen","de","2","3","true","false","0",""
"/blog/direkt-anfragen-statt-vergleichsportal-regensburg","de","2","2","true","false","0",""
"/blog/preisrahmen-vorpruefung-statt-festpreis","de","6","2","true","false","0",""
"/blog/budget-planung-umzug-kosten","de","1","3","true","false","0",""
"/blog/signatur-services-floxant-bayern","de","3","2","true","false","0",""
"/blog/regensburg-bayern-servicegebiet-richtig-planen","de","1","3","true","false","0",""
"/blog/endreinigung-regensburg-checkliste","de","1","3","true","false","0",""
"/blog/beiladung-bayern-wann-lohnt-es-sich","de","14","3","true","false","0",""
"/blog/umzug-mit-reinigung-regensburg","de","2","3","true","false","0",""
"/blog/preisvorstellung-umzug-anfrage","de","2","3","true","false","0",""
"/blog/schluesseluebergabe-ohne-stress","de","1","3","true","false","0",""
"/blog/einlagerung-beim-umzug-wann-sinnvoll","de","1","3","true","false","0",""
"/blog/express-umzug-regensburg","de","1","3","true","false","0",""
"/blog/google-maps-buchungslink-regensburg","de","1","3","true","false","0",""
"/blog/gewerbereinigung-regensburg-objekte-b2b","de","21","2","true","false","0",""
"/blog/hausverwaltung-treppenhausreinigung-regensburg","de","22","2","true","false","0",""
"/blog/bueroreinigung-regensburg-angebot-einholen","de","21","2","true","false","0",""
"/blog/bueroumzug-bayern-ohne-betriebsstillstand","de","1","3","true","false","0",""
"/blog/floxant-services-nach-situation-finden","de","34","3","true","false","0",""
"/blog/signature-services-extra-spezialfaelle-floxant","de","1","3","true","false","0",""
"/blog/regensburg-reinigung-services-gewerbe-praxis-hausverwaltung","de","1","3","true","false","0",""
"/blog/regensburg-services-umzug-reinigung-entruempelung-uebergabe","de","1","3","true","false","0",""
"/blog/objektservice-hausverwaltung-mieterwechsel-leerstand-floxant","de","1","3","true","false","0",""
"/blog/welcher-floxant-service-passt","de","1","3","true","false","0",""
"/blog/umzug-reinigung-entruempelung-wer-hilft-regensburg","de","1","3","true","false","0",""
"/blog/regensburg-reinigung-floxant-klare-trennung","de","1","3","true","false","0",""
"/blog/angebot-pruefen-lassen-wann-floxant-sinnvoll-ist","de","1","3","true","false","0",""
"/blog/nicht-vor-ort-schluessel-fotos-uebergabe-floxant","de","1","3","true","false","0",""
"/blog/entruempelung-endreinigung-uebergabe-regensburg-kombinieren","de","1","3","true","false","0",""
"/blog/regensburg-buero-praxis-hausverwaltung-reinigung-anfrage","de","1","3","true","false","0",""
"/blog/hausverwaltung-weg-mieterwechsel-objektbetreuung-floxant","de","1","3","true","false","0",""
"/blog/angebot-anderer-firma-pruefen-regensburg","de","47","2","true","false","0",""
"/blog/umzugsangebot-pruefen-regensburg-bayern","de","780","2","true","false","0",""
"/blog/reinigungsangebot-pruefen-regensburg","de","67","2","true","false","0",""
"/blog/grundreinigung-regensburg-angebot-kosten-pruefen","de","1","3","true","false","0",""
"/blog/buero-praxisreinigung-regensburg-angebot","de","1","3","true","false","0",""
"/blog/treppenhausreinigung-regensburg-hausverwaltung-angebot","de","1","3","true","false","0",""
"/blog/entsorgungsangebot-pruefen-regensburg-regensburg","de","1","3","true","false","0",""
"/blog/pauschalpreis-oder-aufwand-angebot-pruefen","de","1","3","true","false","0",""
"/blog/angebot-ohne-besichtigung-riskant","de","48","2","true","false","0",""
"/blog/anbieter-hat-abgesagt-was-tun","de","34","2","true","false","0",""
"/blog/entruempelungsangebot-pruefen-serioes","de","6","2","true","false","0",""
"/blog/reinigungsangebot-regensburg-pruefen","de","1","3","true","false","0",""
"/blog/angebot-wirkt-zu-teuer-welche-fragen-stellen","de","1","3","true","false","0",""
"/blog/praxisreinigung-regensburg-angebot-pruefen","de","1","3","true","false","0",""
"/blog/fensterreinigung-regensburg-angebot-aufwand","de","1","3","true","false","0",""
"/blog/klaviertransport-regensburg-vor-anfrage","de","1","3","true","false","0",""
"/blog/seniorenumzug-regensburg-angehoerige-vorbereiten","de","1","3","true","false","0",""
"/blog/saubere-fotos-vor-wohnungsuebergabe","de","1","3","true","false","0",""
"/blog/reinigungsergebnis-dokumentieren-regensburg","de","1","3","true","false","0",""
"/blog/sichtbare-sauberkeit-vermietertermin","de","1","3","true","false","0",""
"/blog/haeufige-gruende-fuer-kautionsabzuege","de","1","3","true","false","0",""
"/blog/wohnungsuebergabe-ohne-streit","de","1","3","true","false","0",""
"/blog/auszug-checkliste-regensburg","de","1","3","true","false","0",""
"/blog/schluesseluebergabe-vorbereiten-nicht-vor-ort","de","1","3","true","false","0",""
"/blog/vor-schluesselabgabe-fertig-sein","de","1","3","true","false","0",""
"/blog/kurzfristige-reinigung-regensburg-24h-realistisch","de","1","3","true","false","0",""
"/blog/wenn-besuch-oder-uebergabe-morgen-ist","de","1","3","true","false","0",""
"/blog/wohnung-wieder-bewohnbar-bekommen","de","1","3","true","false","0",""
"/blog/reset-nach-party-krankheit-belastung","de","1","3","true","false","0",""
"/blog/kleine-restaufgaben-mental-gross","de","1","3","true","false","0",""
"/blog/gerueche-in-wohnung-vor-uebergabe","de","1","3","true","false","0",""
"/blog/kueche-bad-textilien-geruch","de","1","3","true","false","0",""
"/blog/geruchsproblem-dokumentieren-statt-ueberdecken","de","1","3","true","false","0",""
"/blog/vertrauliche-hilfe-belastete-raeume","de","1","3","true","false","0",""
"/blog/morgen-besuch-wohnung-vorzeigbar","de","1","3","true","false","0",""
"/blog/familienbesuch-ohne-putzpanik","de","1","3","true","false","0",""
"/blog/welche-raeume-zaehlen-wenn-zeit-knapp","de","1","3","true","false","0",""
"/blog/versteckter-schmutz-vor-uebergabe","de","1","3","true","false","0",""
"/blog/kueche-bad-gruendlich-pruefen-ohne-ueberforderung","de","1","3","true","false","0",""
"/blog/hidden-dirt-check-vermietertermin-regensburg","de","1","3","true","false","0",""
"/blog/empfang-kueche-sanitaer-montag","de","1","3","true","false","0",""
"/blog/gewerbeflaechen-vor-wochenstart-vorbereiten","de","1","3","true","false","0",""
"/blog/schlafzimmer-buero-kinderzimmer-ruhiger-sauber","de","1","3","true","false","0",""
"/blog/baustaub-nach-renovierung-reihenfolge","de","1","3","true","false","0",""
"/blog/warum-baustaub-wiederkommt","de","1","3","true","false","0",""
"/blog/zehn-angaben-klare-umzugsanfrage-regensburg","de","2","3","true","false","0",""
"/blog/umzug-regensburg-laengere-strecke","de","1","3","true","false","0",""
"/blog/etage-aufzug-umzugsanfrage","de","1","3","true","false","0",""
"/blog/klaviertransport-regensburg-vorbereiten","de","1","3","true","false","0",""
"/blog/entruempelung-endreinigung-regensburg","de","329","3","true","false","0",""
"/blog/guenstiger-umzug-angebot-preiswert-pruefen","de","154","2","true","false","0",""
"/blog/umzug-im-alter-erlangen-bamberg-fuerth","de","168","3","true","false","0",""
"/blog/reinigung-nach-umzug-regensburg-angebot-pruefen","de","1","3","true","false","0",""
"/blog/entruempelungsfirma-regensburg-finden","de","1","3","true","false","0",""
"/blog/floxant-regensburg-regensburg-wo-taetig","de","1","3","true","false","0",""
"/blog/besseres-guenstigeres-angebot-floxant-pruefen","de","2","2","true","false","0",""
"/blog/ki-empfehlung-dienstleister-regensburg-regensburg","de","1","3","true","false","0",""
"/blog/reinigungsfirma-regensburg-kundennah-anfragen","de","1","3","true","false","0",""
"/blog/reinigungsbetrieb-reinigungsunternehmen-regensburg-kosten","de","1","3","true","false","0",""
"/blog/grundreinigung-bodenreinigung-hauseingang-regensburg","de","1","3","true","false","0",""
"/blog/umzug-muenchen-festpreis-fernumzug-organisieren","de","4","3","true","false","0",""
"/blog/haushaltsaufloesung-regensburg-container-mieten-alternative","de","1","3","true","false","0",""
"/blog/buero-reinigen-regensburg-bueroreinigung-angebot","de","1","3","true","false","0",""
"/blog/treppenhausreinigung-regensburg-hauseingang-hausverwaltung","de","1","3","true","false","0",""
"/blog/praxisentruempelung-nuernberg-richtig-anfragen","de","2","3","true","false","0",""
"/blog/reinigungsfirma-regensburg-preise-kosten-angebot-pruefen","de","1","3","true","false","0",""
"/blog/reinigungsfirma-regensburg-in-der-naehe-stadtteile","de","1","3","true","false","0",""
"/blog/reinigungsunternehmen-regensburg-anbieter-vergleichen","de","1","3","true","false","0",""
"/blog/umzugsangebot-muenchen-pruefen-festpreis-guenstiger","de","3","2","true","false","0",""
"/blog/entruempelung-regensburg-angebot-haushaltsaufloesung-pruefen","de","159","2","true","false","0",""
"/en/blog/request-moving-quote-regensburg","en","1","2","true","false","0",""
"/en/blog/ten-details-clear-moving-request","en","1","2","true","false","0",""
"/24h-umzugsservice","de","3","","true","false","0","UNREACHABLE_FROM_HOME"
"/airbnb-turnover-express","de","5","2","true","false","0",""
"/akteneinlagerung-regensburg","de","4","2","true","false","0",""
"/anfrage-mit-preisrahmen","de","1533","1","true","false","0",""
"/angebot-guenstiger-pruefen","de","1533","1","true","false","0",""
"/angebot-vergleichen-duesseldorf","de","3","2","true","false","1","CROSS_LOCALE_INBOUND"
"/baureinigung-regensburg","de","12","2","true","false","0",""
"/beiladung","de","389","3","true","false","0",""
"/beiladung-regensburg","de","2","2","true","false","0",""
"/buerokratie-schutz","de","12","","true","false","0","UNREACHABLE_FROM_HOME"
"/business-errand-service","de","6","2","true","false","0",""
"/clean-start","de","0","","true","true","0","ORPHAN|UNREACHABLE_FROM_HOME"
"/damen-team","de","0","","true","true","0","ORPHAN|UNREACHABLE_FROM_HOME"
"/duesseldorf","de","1533","1","true","false","0",""
"/duesseldorf/baureinigung","de","3","2","true","false","0",""
"/duesseldorf/bueroreinigung","de","82","2","true","false","1","CROSS_LOCALE_INBOUND"
"/duesseldorf/fensterreinigung","de","10","2","true","false","1","CROSS_LOCALE_INBOUND"
"/duesseldorf/gewerbereinigung","de","13","2","true","false","1","CROSS_LOCALE_INBOUND"
"/duesseldorf/grundreinigung","de","5","2","true","false","0",""
"/duesseldorf/luxusreinigung","de","1","2","true","false","0",""
"/duesseldorf/praxisreinigung","de","7","2","true","false","1","CROSS_LOCALE_INBOUND"
"/duesseldorf/reinigung","de","82","1","true","false","6","CROSS_LOCALE_INBOUND"
"/duesseldorf/unterhaltsreinigung","de","4","2","true","false","0",""
"/einlagerung","de","6","2","true","false","0",""
"/einsatzradar-regensburg","de","1","","true","false","0","UNREACHABLE_FROM_HOME"
"/en","en","33","0","true","false","0",""
"/en/blog","en","33","1","true","false","0",""
"/en/contact","en","33","1","true","false","0",""
"/en/corrections","en","33","1","true","false","0",""
"/en/editorial-policy","en","33","1","true","false","0",""
"/en/methodology","en","33","1","true","false","0",""
"/en/questions","en","33","1","true","false","0",""
"/en/search","en","33","1","true","false","0",""
"/en/service-finder","en","33","1","true","false","0",""
"/en/services","en","33","1","true","false","0",""
"/en/signature-services","en","33","1","true","false","0",""
"/entsorgung-kosten-rechner","de","0","","true","true","0","ORPHAN|UNREACHABLE_FROM_HOME"
"/erinnerungskapsel","de","0","","true","true","0","ORPHAN|UNREACHABLE_FROM_HOME"
"/express-anfrage","de","12","2","true","false","0",""
"/fernumzug-muenchen","de","1","","true","false","0","UNREACHABLE_FROM_HOME"
"/first-48h","de","0","","true","true","0","ORPHAN|UNREACHABLE_FROM_HOME"
"/floxant-fakten","de","1","4","true","false","0","DEPTH_GT_3"
"/fragen","de","1527","1","true","false","0",""
"/gewerbereinigung","de","1","","true","false","0","UNREACHABLE_FROM_HOME"
"/grundreinigung-regensburg","de","20","2","true","false","1","CROSS_LOCALE_INBOUND"
"/human-api","de","13","2","true","false","0",""
"/kinder-umzugsbox","de","0","","true","true","0","ORPHAN|UNREACHABLE_FROM_HOME"
"/klaviertransport","de","195","3","true","false","0",""
"/kleinmengen-entsorgung","de","356","3","true","false","0",""
"/kleintransport-regensburg","de","2","2","true","false","0",""
"/korrekturen","de","1522","1","true","false","0",""
"/lager-rotation","de","0","","true","true","0","ORPHAN|UNREACHABLE_FROM_HOME"
"/leerstandsmanagement","de","9","2","true","false","0",""
"/malerarbeiten","de","0","","true","true","0","ORPHAN|UNREACHABLE_FROM_HOME"
"/methodik","de","1522","1","true","false","0",""
"/moebel-optimierung","de","12","","true","false","0","UNREACHABLE_FROM_HOME"
"/new-neighbour-kit","de","0","","true","true","0","ORPHAN|UNREACHABLE_FROM_HOME"
"/objekt-springer","de","8","2","true","false","0",""
"/objektbrief","de","1523","1","true","false","1","CROSS_LOCALE_INBOUND"
"/plan-b-service","de","1524","1","true","false","1","CROSS_LOCALE_INBOUND"
"/plattform-auftrag-pruefen","de","9","2","true","false","0",""
"/property-operations","de","14","2","true","false","0",""
"/rechner","de","1206","2","true","false","0",""
"/redaktion","de","1522","1","true","false","0",""
"/regensburg","de","1522","1","true","false","0",""
"/regensburg/besenreine-uebergabe","de","4","2","true","false","0",""
"/regensburg/endreinigung","de","27","2","true","false","0",""
"/regensburg/entruempelung","de","1524","1","true","false","1","CROSS_LOCALE_INBOUND"
"/regensburg/gewerbereinigung","de","65","1","true","false","0",""
"/regensburg/haushaltsaufloesung","de","18","2","true","false","0",""
"/regensburg/uebergabereinigung","de","20","2","true","false","0",""
"/regensburg/umzug","de","1524","1","true","false","1","CROSS_LOCALE_INBOUND"
"/reinigung-moeblierte-wohnung-duesseldorf","de","11","2","true","false","0",""
"/reinigung-moeblierte-wohnung-regensburg","de","5","2","true","false","0",""
"/reinigungsfirma-angebot","de","1","","true","false","0","UNREACHABLE_FROM_HOME"
"/reinigungsgarantie","de","12","","true","false","0","UNREACHABLE_FROM_HOME"
"/ritual-exit-box","de","0","","true","true","0","ORPHAN|UNREACHABLE_FROM_HOME"
"/schluesseluebergabe","de","17","2","true","false","0",""
"/seniorenumzug","de","175","3","true","false","0",""
"/service-finder","de","1522","1","true","false","0",""
"/suche","de","1522","1","true","false","0",""
"/unterhaltsreinigung-regensburg","de","21","2","true","false","0",""
"/urlaubsretter","de","5","2","true","false","0",""
"/vielleicht-box","de","0","","true","true","0","ORPHAN|UNREACHABLE_FROM_HOME"
